,edit_history_tweet_ids,id,text,withheld.copyright,withheld.country_codes,lang
3,['1652062357344976898'],1652062357344976898,"cocacola bro, look at momo from the k-pop group jypetwice 

",,,en
6,['1652062036644208642'],1652062036644208642,"cocacola needs to bring back this 1899 look, just for commemoration it looks good ",,,en
7,['1652061905178050563'],1652061905178050563,"rt sscnapoli: open your eyes, the dream is coming true. all that remains is to enjoy the moment in the company of coca-cola and pizza ü•§üçï‚Ä¶",,,en
9,['1652058615879020545'],1652058615879020545,"rt sscnapoli: open your eyes, the dream is coming true. all that remains is to enjoy the moment in the company of coca-cola and pizza ü•§üçï‚Ä¶",,,en
10,['1652057981528203264'],1652057981528203264,"rt sscnapoli: open your eyes, the dream is coming true. all that remains is to enjoy the moment in the company of coca-cola and pizza ü•§üçï‚Ä¶",,,en
11,['1652057688421875714'],1652057688421875714,ivanovskisberet cocacola im crying this is so cute,,,en
12,['1652057113747759110'],1652057113747759110,"rt sscnapoli: open your eyes, the dream is coming true. all that remains is to enjoy the moment in the company of coca-cola and pizza ü•§üçï‚Ä¶",,,en
13,['1652054643525001217'],1652054643525001217,"rt sscnapoli: open your eyes, the dream is coming true. all that remains is to enjoy the moment in the company of coca-cola and pizza ü•§üçï‚Ä¶",,,en
15,['1652053995978989570'],1652053995978989570,"rt en_sscnapoli: open your eyes, the dream is coming true. all that remains is to enjoy the moment in the company of coca-cola and pizza ü•§‚Ä¶",,,en
16,['1652053352694292480'],1652053352694292480,knowledge is power! ccswb recently donated 50 laptops to the bgcmcallen for their education and stem programming. several of the laptops will also be used by the newly established boys and girls club of uvalde ‚Äì the first club in their area! cocacola givingback mcallen ,,,en
17,['1652053184930562049'],1652053184930562049,"gender strategist &amp; author jeffery tobias halter leads ywomen, which engages men in womensleadership advancement. 

the former director of diversity strategy for cocacola is one of the keynotes at the 2023 ican women's leadership conference on may 17: . ",,,en
18,['1652051746129051649'],1652051746129051649,"spursofficial give us our tottenham back !
22 years of absolute failure 
enough is enough 
levyout 
enicout
spursofficial
nike cinchuk hp getir_uk hsbc_uk ineos kumhotyreuk cocacola libertex_europe ",,,en
19,['1652051665703387137'],1652051665703387137,"spursofficial give us our tottenham back !
22 years of absolute failure 
enough is enough 
levyout 
enicout
spursofficial
nike cinchuk hp getir_uk hsbc_uk ineos kumhotyreuk cocacola libertex_europe ",,,en
20,['1652051609608699904'],1652051609608699904,"rt sscnapoli: open your eyes, the dream is coming true. all that remains is to enjoy the moment in the company of coca-cola and pizza ü•§üçï‚Ä¶",,,en
21,['1652051600268042240'],1652051600268042240,"rt sscnapoli: open your eyes, the dream is coming true. all that remains is to enjoy the moment in the company of coca-cola and pizza ü•§üçï‚Ä¶",,,en
23,['1652051527240933376'],1652051527240933376,"rt sscnapoli: open your eyes, the dream is coming true. all that remains is to enjoy the moment in the company of coca-cola and pizza ü•§üçï‚Ä¶",,,en
24,['1652050888574246915'],1652050888574246915,"rt sscnapoli: open your eyes, the dream is coming true. all that remains is to enjoy the moment in the company of coca-cola and pizza ü•§üçï‚Ä¶",,,en
25,['1652050659175198720'],1652050659175198720,"‚Äúin &amp; out‚Äù (10‚Äù x 8‚Äù) mixed media on textured paper. 28 april, 2023. click link for the full artist statement ‚úàÔ∏èüë£



mixedmedia mixedmediaart cocacola airplaneart arttherapy ",,,en
26,['1652050199412453379'],1652050199412453379,"coca-cola's competitive content creation strategy:

üëâüèº  read the full story 



influencermarketing influencer cocacola contentstrategy

worldofcocacola ",,,en
27,['1652049936228270087'],1652049936228270087,"rt sscnapoli: open your eyes, the dream is coming true. all that remains is to enjoy the moment in the company of coca-cola and pizza ü•§üçï‚Ä¶",,,en
29,['1652049138630926365'],1652049138630926365,"rt sscnapoli: open your eyes, the dream is coming true. all that remains is to enjoy the moment in the company of coca-cola and pizza ü•§üçï‚Ä¶",,,en
30,['1652048814193123347'],1652048814193123347,what tastes better? cocacola imaceleb,,,en
31,['1652048762523492383'],1652048762523492383,"japerry jerseymikes cocacola homedepot is... is this sponsored content, jakob? ü§£

(your kid remains adorable)",,,en
32,['1652048741073821700'],1652048741073821700,"rt en_sscnapoli: open your eyes, the dream is coming true. all that remains is to enjoy the moment in the company of coca-cola and pizza ü•§‚Ä¶",,,en
33,['1652047785565323266'],1652047785565323266,"rt sscnapoli: open your eyes, the dream is coming true. all that remains is to enjoy the moment in the company of coca-cola and pizza ü•§üçï‚Ä¶",,,en
35,['1652047474373042213'],1652047474373042213,"rt sscnapoli: open your eyes, the dream is coming true. all that remains is to enjoy the moment in the company of coca-cola and pizza ü•§üçï‚Ä¶",,,en
36,['1652047054611292162'],1652047054611292162,"rt sscnapoli: open your eyes, the dream is coming true. all that remains is to enjoy the moment in the company of coca-cola and pizza ü•§üçï‚Ä¶",,,en
37,['1652046889729007653'],1652046889729007653,"rt sscnapoli: open your eyes, the dream is coming true. all that remains is to enjoy the moment in the company of coca-cola and pizza ü•§üçï‚Ä¶",,,en
38,['1652046847064547346'],1652046847064547346,"rt sscnapoli: open your eyes, the dream is coming true. all that remains is to enjoy the moment in the company of coca-cola and pizza ü•§üçï‚Ä¶",,,en
40,['1652046466045583376'],1652046466045583376,"rt en_sscnapoli: open your eyes, the dream is coming true. all that remains is to enjoy the moment in the company of coca-cola and pizza ü•§‚Ä¶",,,en
41,['1652046075606212624'],1652046075606212624,"rt sscnapoli: open your eyes, the dream is coming true. all that remains is to enjoy the moment in the company of coca-cola and pizza ü•§üçï‚Ä¶",,,en
42,['1652046034757885956'],1652046034757885956,"rt sscnapoli: open your eyes, the dream is coming true. all that remains is to enjoy the moment in the company of coca-cola and pizza ü•§üçï‚Ä¶",,,en
43,['1652046015317286920'],1652046015317286920,"rt sscnapoli: open your eyes, the dream is coming true. all that remains is to enjoy the moment in the company of coca-cola and pizza ü•§üçï‚Ä¶",,,en
44,['1652045700329504768'],1652045700329504768,the best way to enjoy jerseymikes .. with cocacola from homedepot next door! ,,,en
45,['1652045631286812673'],1652045631286812673,"rt sscnapoli: open your eyes, the dream is coming true. all that remains is to enjoy the moment in the company of coca-cola and pizza ü•§üçï‚Ä¶",,,en
46,['1652045434163011584'],1652045434163011584,"rt sscnapoli: open your eyes, the dream is coming true. all that remains is to enjoy the moment in the company of coca-cola and pizza ü•§üçï‚Ä¶",,,en
47,['1652045371755864077'],1652045371755864077,"rt sscnapoli: open your eyes, the dream is coming true. all that remains is to enjoy the moment in the company of coca-cola and pizza ü•§üçï‚Ä¶",,,en
48,['1652045312033169413'],1652045312033169413,"rt sscnapoli: open your eyes, the dream is coming true. all that remains is to enjoy the moment in the company of coca-cola and pizza ü•§üçï‚Ä¶",,,en
0,['1652045093048557622'],1652045093048557622,"rt sscnapoli: open your eyes, the dream is coming true. all that remains is to enjoy the moment in the company of coca-cola and pizza ü•§üçï‚Ä¶",,,en
1,['1652044368897777666'],1652044368897777666,"rt sscnapoli: open your eyes, the dream is coming true. all that remains is to enjoy the moment in the company of coca-cola and pizza ü•§üçï‚Ä¶",,,en
2,['1652044218632642567'],1652044218632642567,"rt sscnapoli: open your eyes, the dream is coming true. all that remains is to enjoy the moment in the company of coca-cola and pizza ü•§üçï‚Ä¶",,,en
3,['1652044178442838016'],1652044178442838016,"rt sscnapoli: open your eyes, the dream is coming true. all that remains is to enjoy the moment in the company of coca-cola and pizza ü•§üçï‚Ä¶",,,en
4,['1652044092287623187'],1652044092287623187,"rt sscnapoli: open your eyes, the dream is coming true. all that remains is to enjoy the moment in the company of coca-cola and pizza ü•§üçï‚Ä¶",,,en
5,['1652043997714456576'],1652043997714456576,"rt en_sscnapoli: open your eyes, the dream is coming true. all that remains is to enjoy the moment in the company of coca-cola and pizza ü•§‚Ä¶",,,en
6,['1652043629970505728'],1652043629970505728,"rt sscnapoli: open your eyes, the dream is coming true. all that remains is to enjoy the moment in the company of coca-cola and pizza ü•§üçï‚Ä¶",,,en
7,['1652043627881701388'],1652043627881701388,"rt sscnapoli: open your eyes, the dream is coming true. all that remains is to enjoy the moment in the company of coca-cola and pizza ü•§üçï‚Ä¶",,,en
8,['1652043403167670312'],1652043403167670312,"rt sscnapoli: open your eyes, the dream is coming true. all that remains is to enjoy the moment in the company of coca-cola and pizza ü•§üçï‚Ä¶",,,en
9,['1652043333798076437'],1652043333798076437,"rt sscnapoli: open your eyes, the dream is coming true. all that remains is to enjoy the moment in the company of coca-cola and pizza ü•§üçï‚Ä¶",,,en
11,['1652043238537043973'],1652043238537043973,fasc1nate cocacola please bring back the 1899 bottle. i don‚Äôt even drink soda and i would buy it.,,,en
12,['1652043005736411136'],1652043005736411136,"rt sscnapoli: open your eyes, the dream is coming true. all that remains is to enjoy the moment in the company of coca-cola and pizza ü•§üçï‚Ä¶",,,en
13,['1652042978700169216'],1652042978700169216,"rt sscnapoli: open your eyes, the dream is coming true. all that remains is to enjoy the moment in the company of coca-cola and pizza ü•§üçï‚Ä¶",,,en
14,['1652042947880165407'],1652042947880165407,"rt sscnapoli: open your eyes, the dream is coming true. all that remains is to enjoy the moment in the company of coca-cola and pizza ü•§üçï‚Ä¶",,,en
15,['1652042938430504960'],1652042938430504960,"rt en_sscnapoli: open your eyes, the dream is coming true. all that remains is to enjoy the moment in the company of coca-cola and pizza ü•§‚Ä¶",,,en
16,['1652042899578560541'],1652042899578560541,"open your eyes, the dream is coming true. all that remains is to enjoy the moment in the company of coca-cola and pizza ü•§üçï

fridayfeeling realmagic cocacola cocacolait ",,,en
17,['1652042807379369995'],1652042807379369995,"rt sscnapoli: open your eyes, the dream is coming true. all that remains is to enjoy the moment in the company of coca-cola and pizza ü•§üçï‚Ä¶",,,en
18,['1652042752903749657'],1652042752903749657,"rt sscnapoli: open your eyes, the dream is coming true. all that remains is to enjoy the moment in the company of coca-cola and pizza ü•§üçï‚Ä¶",,,en
20,['1652042570107592722'],1652042570107592722,"rt sscnapoli: open your eyes, the dream is coming true. all that remains is to enjoy the moment in the company of coca-cola and pizza ü•§üçï‚Ä¶",,,en
21,['1652042504059887632'],1652042504059887632,ronnie2k cocacola loudronnieanne this coke can has your name on it.,,,en
22,['1652042496141041670'],1652042496141041670,"rt sscnapoli: open your eyes, the dream is coming true. all that remains is to enjoy the moment in the company of coca-cola and pizza ü•§üçï‚Ä¶",,,en
23,['1652042257514504230'],1652042257514504230,"open your eyes, the dream is coming true. all that remains is to enjoy the moment in the company of coca-cola and pizza ü•§üçï

fridayfeeling realmagic cocacola cocacolait ",,,en
24,['1652041851015254016'],1652041851015254016,"auntmaggiep i was harrassed yeaterday at walmart while shopping with a mask on by a cocacola  distributor. i asked him to pardon me cuz he was stocking, the mf started whistling ""mary had a little lamb"" i emailed ""cocacola but they want his name, and license , what a joke!",,,en
26,['1652041616209616901'],1652041616209616901,"lesson being, creating a good product that serves a function is still the best way to build a brand/company. cocacola gatorade",,,en
27,['1652041153557016576'],1652041153557016576,pepsi is ruined. new formula is terrible and ruined my friday rum night. back to cocacola i go. ,,,en
30,['1652038859666890783'],1652038859666890783,i'm with karen at bingo alright. cocacola ,,,en
31,['1652038439263682560'],1652038439263682560,emaanzt cocacola pepsico nestle proctergamble makes me sick to my stomach.,,,en
33,['1652037739301289989'],1652037739301289989,"while the workers at the philadelphia cocacola bottling plant are on strike, i'd just like to say y'all are putting out too many new flavors when all we want is the cocaine back in the soda. miss after miss, no cocaine in any of these. ",,,en
35,['1652036208900599809'],1652036208900599809,"set of 3 commemorative coca cola glasses  via etsy

onsale - 15% off and freeshipping thru 5/13    

coke cocacola cokecollectibles cocacolacollector glassware drinkware kitchenware kitchendecor etsyfinds etsysale etsycoupon mothersdaysale",,,en
36,['1652035104456441856'],1652035104456441856,"this concept is great and glad to see more and more companies diving head first in the gaming and esports industry!

gaming esports dbmventures gamersnewsnetwork sixflags cocacola johndavidson ",,,en
38,['1652034528167227392'],1652034528167227392,rihamug cocacolaco cocacola you guys have failed us rihamug do you have any missing workers or did you cut off staff,,,en
39,['1652034511473877008'],1652034511473877008,bowens_official bring back the cork cocacola,,,en
41,['1652031741333217289'],1652031741333217289,cocacolaracing dennyhamlin joegibbsracing nascar cocacola cltmotorspdwy i need one of those there coke machines for my garage.,,,en
43,['1652031179837546504'],1652031179837546504,rt lunalatinacoo: mividasexualescomolacocacolahumor cocacola primero normal ligth cero webpages webpage websides webcamcolombiam‚Ä¶,,,en
44,['1652030473688817665'],1652030473688817665,"by heck they don't half make my stomach churn the beverages these days...  ü§¢
lidlgb &amp; aldiuk don't have much decent to drink
tesco, sainsburys, asda &amp; coopuk ain't that much better either really...
got a bottle of cocacola from marksandspencer motorway üõ£ services...  üò©",,,en
45,['1652029746136641536'],1652029746136641536,"zoelenkiewicz cocacola cocacolaafrica a review of the role of solar ultraviolet-b irradiance and vitamin d in reducing risk of dental caries

william b grant.¬†dermatoendocrinol.¬†2011 jul.

free pmc article
author

william b grant¬†wbgrant2
 ",,,en
47,['1652027046602719233'],1652027046602719233,"spursofficial give us our tottenham back !
22 years of absolute failure 
enough is enough 
levyout 
enicout
spursofficial
nike cinchuk hp getir_uk hsbc_uk ineos kumhotyreuk cocacola libertex_europe ",,,en
49,['1652025593020424192'],1652025593020424192,"remember cocacola's fullthrottle slush from sonicdrivein? 

full throttle is back. be cool if sonic would bring that slushy back.

 
fullthrottlefury fullthrottlefuryslush orange sonicdrivein thelastdrivein inspirebrands tjanddave petergrosz",,,en
0,['1652024919276900352'],1652024919276900352,"spursofficial give us our tottenham back !
22 years of absolute failure 
enough is enough 
levyout 
enicout
spursofficial
nike cinchuk hp getir_uk hsbc_uk ineos kumhotyreuk cocacola libertex_europe ",,,en
1,['1652024844081348628'],1652024844081348628,"spursofficial give us our tottenham back !
22 years of absolute failure 
enough is enough 
levyout 
enicout
spursofficial
nike cinchuk hp getir_uk hsbc_uk ineos kumhotyreuk cocacola libertex_europe ",,,en
3,['1652023923490340885'],1652023923490340885,"cozy friday! we love seafood, so tonight fresh shrimp, smoked shrimp, blue mussels and lobster, served with bread and homemade aioli! our children got their mom's hamburgers on the best ground beef, served with fries!

we adults taste a wine from alsace; the children cocacola ! ",,,en
5,['1652022368687235075'],1652022368687235075,"rt meowowlove: coca-cola x keung to 
'irreplaceable me' 

= event reminder =

d: 29 april 2023
t: 2:00pm
l: moko shopping mall

keungto ‚Ä¶",,,en
8,['1652019367528509441'],1652019367528509441,"""venom 2: let there be carnage"" of the year (2021)

again, with tomhardy as eddiebrock/venom and his arrival to the mcu universe, for the failed spell of drstrange because of tomholland

of ""sony/columbia pictures"" and ""marvel""

sponsored by:
soft drink cocacola 

üé¨‚≠ê ",,,en
9,['1652019347819491328'],1652019347819491328,"¬°together and united, vs the covid19 to the end! üòâüëç

¬°i love you, 3000!

endgame

avengers assemble

wakandaforever

nowayhome

(the multiverse) üåé

venom

carnage

spiderman

sony

sonypictures

columbiapictures

marvel

theacademy

oscars

cocacola

üé¨‚≠ê",,,en
12,['1652017352756609024'],1652017352756609024,"the medical league ug!!!!
themedicalleagueug
mengoss 
ogwangogwang balale19 kabajjaali athletickampala theumaofficial pepsi cocacola widespectrumug mtnug airtel_ug hillwaterltd ntvuganda bbstvug ubctvuganda urbantvuganda nbstv 892cbsfm allandarren snduhukire ",,,en
13,['1652017352148434969'],1652017352148434969,"cocacola uconnmbb today, russia killed ukrainian children again. "" protect children from russian terror.""",,,en
14,['1652017293008748546'],1652017293008748546,"cocacola today, russia killed ukrainian children again. "" protect children from russian terror.""",,,en
15,['1652016146470797312'],1652016146470797312,rt dsosa2423: healthy thick nut üåãüí¶ dltv cocacola yellove jacksonville atlanta bbc cum hooddick bilife moaner nut retweet https‚Ä¶,,,en
17,['1652015069704667158'],1652015069704667158,"hackearon a la conagua üö∞

ahhh y tmb a cocacola femsa ü•§üî¥",,,en
18,['1652014235625373705'],1652014235625373705,"rt austinhighsmith: what do you do during a rain shower at namaleresort? why, bougie bathrobe billiards &amp; brew with jteddygarces of cour‚Ä¶",,,en
19,['1652012145465344002'],1652012145465344002,ogwangogwang balale19 kabajjaali athletickampala theumaofficial pepsi cocacola widespectrumug mtnug airtel_ug hillwaterltd ntvuganda bbstvug ubctvuganda urbantvuganda nbstv 892cbsfm allandarren asou_official sndukire orthosocietyug umaofficial ,,,en
20,['1652011782888669197'],1652011782888669197,cocacola please bring back fanta chapman üôèüôè,,,en
21,['1652009668959453188'],1652009668959453188,"rt knotsimple: 1992 set of 2 coca cola green drinking glasses  via etsy

onsale - 15% off and freeshipping thru‚Ä¶",,,en
22,['1652008396910997505'],1652008396910997505,"rt knotsimple: 1992 set of 2 coca cola green drinking glasses  via etsy

onsale - 15% off and freeshipping thru‚Ä¶",,,en
24,['1652007877861572609'],1652007877861572609,"spursofficial cinchuk give us our tottenham back !
22 years of absolute failure 
enough is enough 
levyout 
enicout
spursofficial
nike cinchuk hp getir_uk hsbc_uk ineos kumhotyreuk cocacola libertex_europe ",,,en
25,['1652007268203008000'],1652007268203008000,"1992 set of 2 coca cola green drinking glasses  via etsy

onsale - 15% off and freeshipping thru 5/13  

etsysale etsycoupon mothersdaysale coke cocacola cokecollectibles cocacolacollector glassware kitchenware etsyfinds etsyvintage",,,en
26,['1652006738902630402'],1652006738902630402,"spursofficial hkane tedlasso give us our tottenham back !
22 years of absolute failure 
enough is enough 
levyout 
enicout
spursofficial
nike cinchuk hp getir_uk hsbc_uk ineos kumhotyreuk cocacola libertex_europe ",,,en
27,['1652005556532412417'],1652005556532412417,"its breaks my heart to see the devastating impact of plastic pollution on our planet. it's time for companies like cocacola, pepsico, nestle, and proctergamble to take responsibility for the plastic river they've created. ",,,en
31,['1652005097289728013'],1652005097289728013,cocacolaracing dennyhamlin joegibbsracing nascar cocacola cltmotorspdwy hopefully it will be chaseelliott celebrating in vl next month at cltmotorspdwy !!! di9,,,en
34,['1652003297748996097'],1652003297748996097,sneakernews cocacola color combo! fresh and classic!,,,en
36,['1652001375000354816'],1652001375000354816,"pepsicoindia pepsico cocacola
cocacolaindia 
why are retailers taking extra amount from mrp. 
is there a different price for a cold or a warm product like a cold drink and water bottle.",,,en
38,['1652000987144499202'],1652000987144499202,worldofcocacola cocacola is a company that is international and then takes big bank meaning it takes over small companies like mcdonaldsjapan  then the levers shift. then the company is not local it‚Äôs not international it‚Äôs something else.,,,en
40,['1651999131458584577'],1651999131458584577,cocacola who is the owner of coca cola,,,en
44,['1651997538248011786'],1651997538248011786,"when it's *friday"" it doesn't need to be 1700hrs to start your weekendü•¥
the drink station is up &amp; dispensingü•É
jackdaniels_us
cocacola ",,,en
45,['1651997145111875584'],1651997145111875584,cocacolaracing dennyhamlin joegibbsracing nascar cocacola cltmotorspdwy hope and pray the coca-cola racing family will be appearing at local retailer to sign autographs during the week of 600.unfortunately i can not come to see suarez at walmart in mooresville.haven't seen him since he was at jgr.,,,en
46,['1651997066502058002'],1651997066502058002,"coca-cola stock $ko price surge creates bullish sequence, blog at:  
elliottwave cocacola stockmarket trading",,,en
48,['1651995563431276593'],1651995563431276593,mividasexualescomolacocacolahumor cocacola primero normal ligth cero webpages webpage websides webcamcolombiamodels webcam webcammodel  bongacamsmodel beauty beautytok beautifull redhead redhair redhairgirl latina colombia colombiana lipsred redlips ,,,en
49,['1651995170517266443'],1651995170517266443,don‚Äôt forget cocacola and disney ,,,en
1,['1651993241426989056'],1651993241426989056,"taste the thriving happiness! 
a pandemic start-up, thrivenowin makes food commerce sustainable without food aggregators in the middle! with cocacola investing in their d2c concept, this deal will create a delicious disruption in foodtech.  
startup 
",,,en
3,['1651993129908678668'],1651993129908678668,"rt thealtcoinman: with mnwsupplychain, companies can integrate existing supply chain systems, allowing for interoperability and seamless‚Ä¶",,,en
4,['1651992961926803472'],1651992961926803472,"los an√°lisis de resultados de la semana üëÄ

hay para todos los gustos üîç

texasinstrument
unilever
chipotle
mcdonalds 
bancosantander
novartis
bic
microsoft
phillips
cocacola
philipmorris
vitecsoftware
tsmc
nokia 
thulegroup

",,,en
5,['1651992354901962752'],1651992354901962752,check out coca cola - ‚Äò57 ford thunderbird - 1:64 - majorette (1997) cocacola thunderbird majorette  ebay a trav√©s de ebay,,,en
6,['1651991345483984912'],1651991345483984912,news: cocacola has turned to generative ai to ‚Äúenhance marketing capabilities‚Äù. news crypto finance,,,en
7,['1651991002175897600'],1651991002175897600,"this is what russia stands for. this what the european ‚Äùpeace‚Äù movement wants us to live with, what the extreme right and the extreme left admires, what angela merkel accepted for cheap gas, what companies like cocacola and heineken ignores, what the olympics is rewarding. ü§¨ ",,,en
9,['1651990544497750033'],1651990544497750033,l_multifan cocacola bless him for managing to make biking through the snow with a santa hat on look this good,,,en
10,['1651990161645875200'],1651990161645875200,"actbrigitte waaahhh!!  i refuse to eat m&amp;ms, i refuse to drink buslight, i refuse to watch mlb nba nfl jimmykimmel theoscars shop at dicks shop at walmart drink cocacola you are your ilk and your threats.  everybody is doing fine without you.  oldbiddy oldcrow ",,,en
13,['1651989560832983042'],1651989560832983042,ftc complaint filed against cocacola at the federal trade commission (ftc) for using stolen intellectual property as a business asset. ,,,en
14,['1651989540293292044'],1651989540293292044,ivanovskisberet cocacola he looks so cute in this commercial,,,en
15,['1651988984904527874'],1651988984904527874,i need cocacola to know that the only reason i keep buying their products is bc jack wolfe starred in one of their commercials like 4 years ago ,,,en
16,['1651987633508167690'],1651987633508167690,"we're still in full swing but quick shout-out to cityofcincy rumpkenews votelizkeating cintrifuse team, kroger proctergamble fifththird madtreebrewing michelman cocacola cvgairport pepsi for outsourcing an extreme challenge to startups.  rethinkrecycling‚Ä¶  ",,,en
19,['1651986874796322824'],1651986874796322824,cocacola if you invited me to a party and put a bottle of coke in my hand when i walked through the door i'd smash you over the head with it.,,,en
20,['1651986352043438091'],1651986352043438091,yikes! $2.59 for one (1) 12oz coke can circlekstores inflation cocacola bummed,,,en
21,['1651985981946441729'],1651985981946441729,"the downtown cleveland chipotle is the worst managed chipotle in the country. constantly running out of fajitas, white rice, cocacola and ice is not acceptable",,,en
23,['1651984490556805121'],1651984490556805121,"rt thealtcoinman: with mnwsupplychain, companies can integrate existing supply chain systems, allowing for interoperability and seamless‚Ä¶",,,en
24,['1651983626509352963'],1651983626509352963,ashisharajput19 cocacola cbitweets upgovt the recent revelation of fake concentrate being used at coke's unnao factory is alarming. what other secrets might they be hiding? it's time for cocacola to wake up.,,,en
26,['1651983355624271884'],1651983355624271884,rt theclutterddesk: so as a sorta jokey custom i decided to make a shattered glass version of pepsi prime who is obviously a coca cola ver‚Ä¶,,,en
28,['1651983034634182656'],1651983034634182656,danielriccardo dell dr3 gulf gp f1 huskichocolate redbullfamily cocacola dieterhock6 webex redbull ford ,,,en
34,['1651982015351209986'],1651982015351209986,"spursofficial getir_uk give us our tottenham back !
22 years of absolute failure 
enough is enough 
levyout 
enicout
spursofficial
nike cinchuk hp getir_uk hsbc_uk ineos kumhotyreuk cocacola libertex_europe ",,,en
35,['1651981502488485888'],1651981502488485888,cocacola when would there be?,,,en
36,['1651981466249891842'],1651981466249891842,"thanks emglobal for a great cocacola brand &amp; commerce day at your office! we enjoyed deepening our partnership, exploring opportunities, and sharing our data &amp; insights capabilities. excited for the future of commercemedia and our journey into retailmedia's momentum together! ",,,en
38,['1651980936869814278'],1651980936869814278,cocacola the ‚Äúrussian world‚Äù is equivalent to death. the ‚Äúrussian world‚Äù turns everything into a wasteland.,,,en
39,['1651980887636967426'],1651980887636967426,"spursofficial give us our tottenham back !
22 years of absolute failure 
enough is enough 
levyout 
enicout
spursofficial
nike cinchuk hp getir_uk hsbc_uk ineos kumhotyreuk cocacola libertex_europe ",,,en
40,['1651980808012300289'],1651980808012300289,"cocacola the rocket hit our house.  we are all in blood.  children slept here.  we don't have any windows or anything"" - the residents of the house in uman show the first pictures after the arrival",,,en
42,['1651979429244022785'],1651979429244022785,"coca cola trading cards collection and coasters cocacola collectibles 
",,,en
45,['1651978287126806533'],1651978287126806533,thinkabout2wice cocacola moveeee üòâ cocacola,,,en
46,['1651978172899151873'],1651978172899151873,".cocacola reported on strong earnings and the success of digital marketing initiatives on a call about q1 results in 2023. 

more on spotlight:

",,,en
47,['1651977885056479232'],1651977885056479232,"coca cola sold only 25 bottles, in it's first year

man ,

never give up 

cocacola ",,,en
49,['1651976938481655809'],1651976938481655809,cocacola i need the vanilla coke zero back neeowwww you guys have deprived me of this for three fucking years i want it back now,,,en
0,['1651976175592325121'],1651976175592325121,"those who know me know i loved pepsi for decades (in moderation), until they changed their formula from natural sugars to synthetic sugars (that gives an aftertaste &amp; gives headaches).

pepsico cocacola pepsiruined pepsichangedihavechangedtococacol pepsirevolt ",,,en
3,['1651973321834070016'],1651973321834070016, auctions coke clevendbrowns hallmark planes funkopops cocacola  ebayseller ebayfinds ebay fantasticbeasts  ebaycommunity resellercommunity andygriffith  harrypotter americana deals sale happyhollisters stamps philately superman ,,,en
4,['1651972752423673858'],1651972752423673858,"rt your_sweet_neko: ops!!!

onlyfans nekochan catgirl porn hentai cocacola animegirl anime egirl aestheti‚Ä¶",,,en
5,['1651972538451230727'],1651972538451230727,"drromantic3 jiminxtiffanyandco ponniyanselvan2. starwarsjedisurvivor istandwithmychampions
donjazzy heisrema afpfactcheck cocacola pepsi pepsi_naija jazzysburger  out yungjeezus iniobong venomspittah's video! tiktok ",,,en
6,['1651972287862808577'],1651972287862808577,"with mnwsupplychain, companies can integrate existing supply chain systems, allowing for interoperability and seamless data exchange.

don't believe $mnw? ask coca-cola

100x cryptonews cocacola ",,,en
7,['1651971808650833921'],1651971808650833921,"spursofficial give us our tottenham back !
22 years of absolute failure 
enough is enough 
levyout 
enicout
spursofficial
nike cinchuk hp getir_uk hsbc_uk ineos kumhotyreuk cocacola libertex_europe ",,,en
8,['1651970200634359814'],1651970200634359814,rt alyssanastyx: cocacola should rly sponsor me atp üòâüòÖü•§üí¶ ,,,en
9,['1651970059877892096'],1651970059877892096,mujhe kisine cocacola song dedicate hi nahi kiya ab takü•∫,,,en
13,['1651966043865186304'],1651966043865186304,"enjoy the real gold standard with goldpeak tea! no matter what flavor you are in the mood for, our team has you covered, making sure your local retailer stays stocked up! goldpeak cocacola ",,,en
14,['1651965701056262150'],1651965701056262150,"sudanwar 2/3 global supply gum arabic, beverage/cosmetic ingredient. $1 billion export market cocacola stockpile, 6 mos inventory exhaust . rural acacia tree tap interrupt, substitute lack. chad set 100,000 refugee +400,000 2 decade. emergingmarkets",,,en
21,['1651962265506320386'],1651962265506320386,"mazza mango cold drink quality is very bad , shop keepar  charge extra price in mrp rs mazza 600 ml bottol  mrp is 40 , but shopkeepar charge 50/- 
improve quality other wise sales is down
mazza maza colddrink cocacola indian",,,en
22,['1651961869496721409'],1651961869496721409,cocacolaracing dennyhamlin joegibbsracing nascar cocacola cltmotorspdwy üòçüòçüòçüòç.,,,en
23,['1651961824693088259'],1651961824693088259,mirandacosgrove and sean with a cocacola shirt üëö in phuket thailand filming mother of the bride üë∞üèª‚Äç‚ôÄÔ∏è for netflix ,,,en
25,['1651959822420672512'],1651959822420672512,sandeepkishore_ cocacola pmoindia upgovt wt's the matter can u explain!?,,,en
26,['1651958736364400642'],1651958736364400642,ashisharajput19 cocacola cbitweets upgovt well.. who said the original is healthy üòä,,,en
27,['1651956805017190401'],1651956805017190401,cocacolaracing dennyhamlin joegibbsracing nascar cocacola cltmotorspdwy can‚Äôt wait to get there ,,,en
28,['1651955938994143234'],1651955938994143234,thechelseaforum cocacola better than allianz?,,,en
29,['1651954796700610560'],1651954796700610560,"rt your_sweet_neko: ops!!!

onlyfans nekochan catgirl porn hentai cocacola animegirl anime egirl aestheti‚Ä¶",,,en
30,['1651954285033459713'],1651954285033459713,"shrishtysays cocacola incometaxindia upgovt well,
they were capable of buying our thums up, gold spot &amp; limca for just 40 crores &amp; put indian companies out of beverages business. and they aren't alone. your cadburies, nestles, colgate etc. etc. had done the same &amp; our govt gave them red carpets.
capability? theirs v ours.",,,en
31,['1651953823450275840'],1651953823450275840,shrishtysays cocacola incometaxindia upgovt do you have proof or might have to pay huge damages,,,en
32,['1651953576745238529'],1651953576745238529,"the cocacola powerade aotw is sand rock high school senior jadyn foster. this past week jadyn reached a career milestone with her 1000th strikeout. during a 8-1 win, foster brought her career total strikeouts to 1004. congrats jadyn! ",,,en
33,['1651953274356998147'],1651953274356998147,it‚Äôs not to late cocacola üîµ‚ö™Ô∏è ,,,en
35,['1651950871289253888'],1651950871289253888,"today we celebrate worldsafetyday. a safe and healthy working environment is a fundamental principle and right at work. we‚Äôre working with the cocacola company towards our vision of ‚Äòzero is possible‚Äô; zero serious injuries in the workplace. 
together, we can make a difference. ",,,en
36,['1651950790154797058'],1651950790154797058,curiosityrocks nike blockbuster nerf mtv pepsi pokemon jumpman23 shaq cocacola slimjim thesimpsons nickelodean not missing that point at all. we will have physicals back in june and globally next year. we really want people especially kids to have the same experience we did. collectibles just for them. i have been opening 90s packs and feel the nostalgia hit instantly. i hope you will too,,,en
40,['1651949245631537152'],1651949245631537152,"hold corps. accountable that benefit fm slave or child labor. let them know they have to change or help improve working condictions. nike adidas nba hershey nestle mars apple microsoft hnm walmart starbucks amazon cocacola gap + dozens more.
",,,en
41,['1651949090991665153'],1651949090991665153,happy friday tw famüôè keepcool cocacola friday unusual mood hotwheater ,,,en
43,['1651946815510519808'],1651946815510519808,"the coke india should now make public everything related to bottling operation and try to come out clean.
timesofindia aajtak cnbctv18news
cocacola cocacola_ind",,,en
44,['1651946725429374976'],1651946725429374976,"it is learnt coke global ceo making a visit next month. he will have a tough call to take
sunitanar incometaxindia
mofpi_goi cocacola cocacola_ind",,,en
48,['1651943004117032962'],1651943004117032962,"spursofficial sonny7 hkane give us our tottenham back !
22 years of absolute failure 
enough is enough 
levyout 
enicout
spursofficial
nike cinchuk hp getir_uk hsbc_uk ineos kumhotyreuk cocacola libertex_europe ",,,en
49,['1651940440634019841'],1651940440634019841,"rt vitalyvtennant: start offering pricing lifetime plans/memberships. in terms of  hardware to software, from hosting to plugins r‚Ä¶",,,en
0,['1651940299642486784'],1651940299642486784,"rt vitalyvtennant: start offering pricing lifetime plans/memberships. in terms of  hardware to software, from hosting to plugins r‚Ä¶",,,en
1,['1651940230943981568'],1651940230943981568,"rt vitalyvtennant: start offering pricing lifetime plans/memberships. in terms of  hardware to software, from hosting to plugins r‚Ä¶",,,en
2,['1651940033799094274'],1651940033799094274,"start offering pricing lifetime plans/memberships. in terms of  hardware to software, from hosting to plugins remember, wherever there is a mcdonalds, there is a burgerking, similarly, cocacola pepsi e.g. unstoppabledomains,  , web services",,,en
3,['1651938728431034371'],1651938728431034371,rt dsosa2423: healthy thick nut üåãüí¶ dltv cocacola yellove jacksonville atlanta bbc cum hooddick bilife moaner nut retweet https‚Ä¶,,,en
4,['1651938282685513729'],1651938282685513729,we either stand up against this or we stick our head in the sand &amp; let our children grow up in a world we can no longer recognize. not hyperbole. its coming to you courtesy of maybelline ultabeauty budlight hersheys cocacola .....gowokegobroke wokeculture newsmax ,,,en
8,['1651937105654738944'],1651937105654738944,world economic forum pretzel logic  alberteinstein usa coronavirus evolution excellence brazil freedom cocacola entropy energy,,,en
9,['1651936560085094400'],1651936560085094400,"it's time for this company to prioritize sustainability over profits. 
wakeup cocacola
cocacola_ind cocacola

cocacola wakeup wakeupcocacola",,,en
12,['1651935571760263172'],1651935571760263172,"rt carahulmalodia: the coca-cola logo is a worldwide symbol of refreshment and happiness, recognized by 94% of the world's population. wha‚Ä¶",,,en
14,['1651934791200288769'],1651934791200288769,"when cocacola introduced a new platform to tackle 'social issues' 

",,,en
15,['1651934706655707137'],1651934706655707137,"it's time for this company to change its ways and become a true leader in sustainability and responsibility.  wakeup cocacola cocacola_ind pmoindia
upgovt cocacola ",,,en
19,['1651934633091829761'],1651934633091829761,"cocacola_ind may be a household name, but its actions behind the scenes are far from admirable.  wakeup cocacola
pmoindia cocacola
cbitweets",,,en
22,['1651934550212382720'],1651934550212382720,"may be raking in profits, but its bottling units are polluting the environment and causing harm to communities.  
wakeup cocacola
cocacola_ind cocacola
pmoindia ",,,en
23,['1651934478070321152'],1651934478070321152,"it's time for this company to prioritize sustainability over profits. 
wakeup cocacola
cocacola_ind cocacola
upgovt",,,en
24,['1651934396558245888'],1651934396558245888,"cocacola_ind may drive transactions, but its impact on the planet and society is far-reaching and devastating. 
wakeup cocacola
pmoindia cocacola
cbitweets ",,,en
25,['1651934303788601347'],1651934303788601347,"yesterday's sportscallau podcast presented by cocacola!

ryanlavoie0 and brant_daughtry discuss the transfer portal, and preview the first round of the nfl draft. enjoy!

",,,en
26,['1651933924149567489'],1651933924149567489,"hey cocacola , you can't turn a blind eye to the shady practices happening at your bottling plants. wakeup cocacola
  ",,,en
28,['1651933053499973635'],1651933053499973635,a fountain cocacola is man‚Äôs best creation.,,,en
30,['1651932411175882752'],1651932411175882752,"every week i thank the people that *involuntarily* provided involuntary material for the splendid edition of synthetic work. this week: pwc, cocacola, sharongoldman, dani_lsc, brendocasey, pactumai, luwangnyc, and justinaknope.",,,en
31,['1651931719753146368'],1651931719753146368,"cocacola_za cocacolaafrica cocacola_gb cocacolaco 
please bring back these amazing coke yo-yos:
cocacola southafrica yoyo cokeyoyo ",,,en
32,['1651930593356050432'],1651930593356050432,we're about to kick off one of the nation's most ambitious recycling hacks featuring 10 startup finalists pitching cityofcincy kroger proctergamble fifththird pepsi cocacola rumpkenews madtreebrewing.  mayor aftabpureval kicks us off at 9 am est. come on down! ,,,en
35,['1651928409449332736'],1651928409449332736,. cocacola economic success is constructed on a basis of exploitation and brush aside for the environment. it's time for this organization to face the penalties of its actions. wakeup cocacola,,,en
36,['1651928361122537475'],1651928361122537475,". cocacola monetary success must no longer come at the fee of moral and sustainable practices. it's time for this organization to take duty for its actions. wakeup cocacola
pmoindia
upgovt",,,en
37,['1651928177537863681'],1651928177537863681,"neraya coco cola oda bottling factory la ulla than neraya cctv surveillance la thefinthu fake concentrate irukthu
wakeup cocacola
cocacola
pmoindia
cbitweets
",,,en
38,['1651928113725730820'],1651928113725730820,"we cannot turn a blind eye to the wrongdoings happening at cocacola's bottling plants.wakeup cocacola
",,,en
39,['1651928101960704001'],1651928101960704001,"authorities of any possible health hazard.  cocacola wakeup cocacola
cbitweets
upgovt

",,,en
41,['1651927941939601409'],1651927941939601409,"rt hecticgifts: new masterpieces - coca-cola picture dominoes



new hecticgifts masterpieces cocacola dominoe‚Ä¶",,,en
42,['1651927940278677504'],1651927940278677504,"yo cocacola, you gotta own up to the sketchy stuff that's going down at your bottling plants. wake up already!
wakeup cocacola",,,en
44,['1651927906346762240'],1651927906346762240,"apdiye than revenue vanthuru iruku coco cola va porutha vara avanva athan wakeup aaganum apdinu nenaikirangale
wakeup cocacola
cocacola
pmoindia
cbitweets
",,,en
46,['1651927853611532290'],1651927853611532290,"the bottlers of cocacola are willing to resort to such deceitful tactics, what else are they capable of
mofpi_goi
upgovt
wakeup cocacola
",,,en
48,['1651927796816703493'],1651927796816703493,"we can't ignore the challenges we face within our own walls. it's time for cocacola to step up . wakeup cocacola
",,,en
0,['1651927700230250496'],1651927700230250496,"itha sollunva inga coco cola la than ithellam bottling plants la nadamutha illa vera ethavathu pandangalanu
wakeup cocacola
cocacola
pmoindia
cbitweets
",,,en
1,['1651927695553630209'],1651927695553630209,"hey cocacola , you can't turn a blind eye to the shady practices happening at your bottling plants. wakeup cocacola
 pmoindia
upgovt",,,en
2,['1651927622262333446'],1651927622262333446,"hey cocacola , you can't turn a blind eye to the shady practices happening at your bottling plants. wakeup cocacola
 pmoindia
upgovt ",,,en
3,['1651927613731110915'],1651927613731110915,"really thank god for massive amounts of cocacola and mtn_dew...3am is not ideal wakeup time for ""monday wakeup cocacola...",,,en
4,['1651927605887787009'],1651927605887787009,"hey tweeps do you know that cocacola needs to take responsibility for all the unscrupulous activities at the bottling plants.  wakeup cocacola
 incometaxindia
mofpi_goi
upgovt",,,en
5,['1651927578150862848'],1651927578150862848,"hey tweeps have you heard it that cocacola needs to take responsibility for all the unscrupulous activities at the bottling plants.  wakeup cocacola
 incometaxindia
mofpi_goi
upgovt ",,,en
9,['1651927490632519680'],1651927490632519680,"the news about fake concentrate being used at coke‚Äôs unnao factory is sending shivers down my spine.  who knows what else they're hiding? cocacola
wakeup cocacola 
cbitweets
upgovt ",,,en
10,['1651927465999368192'],1651927465999368192,".  who else is involved in this deceitful scheme? cocacola wakeup cocacola
mofpi_goi
upgovt ",,,en
11,['1651927463910572033'],1651927463910572033,"cocacola wake up. you should do some responsibile things. what are you doing
guys share your views 
tell me in the comment box 
wakeupcocacola",,,en
12,['1651927459208757249'],1651927459208757249,"hey tweeps do you know that cocacola needs to take responsibility for all the unscrupulous activities at the bottling plants.  wakeup cocacola
 incometaxindia
mofpi_goi
upgovt ",,,en
13,['1651927430565859330'],1651927430565859330,"the fact that an employee of the bottling unit was sacked for using fake concentrate is just the tip of the iceberg.  who else is involved in this deceitful scheme? cocacola wakeup cocacola
mofpi_goi
upgovt ",,,en
15,['1651927398672375811'],1651927398672375811,"same bottler who was involved in it raids earlier was found using fake concentrate creating a major public safety and health hazard.  wakeup cocacola
 cocacola
pmoindia
cbitweets ",,,en
16,['1651927389151309825'],1651927389151309825,all internal reports need to be made public to ensure public safety.  cocacola wakeup cocacola ,,,en
18,['1651927372403445761'],1651927372403445761,we can't ignore the challenges we face within our own walls. it's time for cocacola to step up . wakeup cocacola,,,en
19,['1651927367387058177'],1651927367387058177,"every people knows that cocacola needs to take responsibility for all the unscrupulous activities at the bottling plants.  wakeup cocacola
 incometaxindia
mofpi_goi
upgovt ",,,en
20,['1651927352170119168'],1651927352170119168,"if the bottlers of cocacola are willing to resort to such deceitful tactics, what else are they capable of?  the implications are downright terrifying.
wakeup cocacola",,,en
21,['1651927350534348811'],1651927350534348811,"ithuvaraikum coco cola vuku than inthalavuku 3 billion transaction nadanthurathy apdinu solranva neenvale intba article la padichu pakkalam
wakeup cocacola
cocacola
pmoindia
cbitweets
",,,en
22,['1651927320964534272'],1651927320964534272,"all frauds perpetrated by its bottler and inform authorities of any possible health hazard.  cocacola wakeup cocacola
cbitweets
upgovt ",,,en
23,['1651927316669554688'],1651927316669554688,"cocacola wake up. you should do some responsibile things. what are you doing
guys share your views 

wakeupcocacola",,,en
24,['1651927313456730112'],1651927313456730112,plants have been shut down in peak of summer. senior employees have been sacked. promoters of bottling companies asked to step down.  cocacola wakeup cocacola  ,,,en
25,['1651927309581180929'],1651927309581180929,"if the bottlers of cocacola are willing to resort to such deceitful tactics, what else are they capable of?  the implications are downright terrifying.
wakeup cocacola
incometaxindia
upgovt ",,,en
26,['1651927305877606401'],1651927305877606401,"same bottler who was involved in it raids earlier was found using fake concentrate creating a major public safety and health hazard.  wakeup cocacola
 cocacola
pmoindia
cbitweets ",,,en
27,['1651927293261119488'],1651927293261119488,"we have to say that the cocacola needs to take responsibility for all the unscrupulous activities at the bottling plants.  wakeup cocacola
 incometaxindia
mofpi_goi
upgovt ",,,en
28,['1651927284050464768'],1651927284050464768,"cocacola wake up. you should do some responsibile things. what are you doing
guys share your views 

wakeupcocacola",,,en
29,['1651927282280435750'],1651927282280435750,"while you are busy patting yourselves on the returned for producing revenue, your managers are the usage of faux listen to retailer on prices and make cash and play with public security and health. cocacola
wakeup cocacola
cbitweets
upgovt",,,en
30,['1651927273703108614'],1651927273703108614,"there are so many people who have trust on  cocacola from so many years, this is really disappointing to hear such news about the management issues. upgovt
wakeup cocacola 
",,,en
31,['1651927269198417920'],1651927269198417920,"everyone interesting very beautiful very awesome and very best cocacola needs   responsibility for the unscrupulous activities happening at its bottling plants.  wakeup cocacola
 incometaxindia mofpi_goi
upgovt
",,,en
32,['1651927266212081664'],1651927266212081664,"same bottler who was involved in it raids earlier was found using fake concentrate creating a major public safety and health hazard.  wakeup cocacola
 cocacola
pmoindia
cbitweets ",,,en
33,['1651927260084191232'],1651927260084191232,"we have to say that the cocacola needs to take responsibility for all the unscrupulous activities at the bottling plants.  wakeup cocacola
 incometaxindia
mofpi_goi
upgovt ",,,en
34,['1651927256309338112'],1651927256309338112,".  who knows what else they're hiding? cocacola
wakeup cocacola 
cbitweets
upgovt",,,en
35,['1651927242786897922'],1651927242786897922,take care of their policies wakeup cocacola cocacola,,,en
36,['1651927239867650059'],1651927239867650059,"plants have been shut down in peak of summer. senior employees have been sacked. promoters of bottling companies asked to step down.  cocacola
 wakeup cocacola
  pmoindia
upgovt ",,,en
37,['1651927234977071110'],1651927234977071110,"is this is true, trust in cocacola will be severely shaken. what different horrors are lurking under the floor of the world's most loved smooth drink? wakeup cocacola
incometaxindia
mofpi_goi",,,en
38,['1651927234020806656'],1651927234020806656,"cocacola wake up. you should do some responsibile things. what are you doing
guys share your views 

wakeupcocacola",,,en
39,['1651927221798604802'],1651927221798604802,"the news about fake concentrate being used at coke‚Äôs unnao factory is sending shivers down my spine.  who knows what else they're hiding? cocacola
wakeup cocacola",,,en
40,['1651927211853901826'],1651927211853901826,"as a company, it's not just about profits and growth. it's about taking responsibility for our internal issues and striving for a better workplace. let's keep pushing for integrity at cocacola. wakeup cocacola
",,,en
41,['1651927198239174656'],1651927198239174656,"coke‚Äôs unnao factory is sending shivers down my spine.  who knows what else they're hiding? cocacola
wakeup cocacola 
cbitweets
upgovt",,,en
42,['1651927184351838214'],1651927184351838214,"same bottler who was involved in it raids earlier was found using fake concentrate creating a major public safety and health hazard.  wakeup cocacola
 cocacola
pmoindia
cbitweets ",,,en
43,['1651927153653739521'],1651927153653739521,"the truth that an worker of the bottling unit used to be sacked for the use of pretend listen is simply the tip of the iceberg. who else is worried in this deceitful scheme? cocacola wakeup cocacola
mofpi_goi
upgovt",,,en
44,['1651927146267545601'],1651927146267545601,"the company needs to make public all frauds perpetrated by its bottler and inform authorities of any possible health hazard.  cocacola wakeup cocacola
cbitweets
upgovt ",,,en
45,['1651927140982722561'],1651927140982722561,"hey guys don't miss this. while you're busy patting yourselves on the back for generating revenue, your managers are using fake concentrate to save on costs and make money. wakeup cocacola
cocacola pmoindia
upgovt",,,en
46,['1651927137497260033'],1651927137497260033,"now everyone knows the cocacola needs to take responsibility for all the unscrupulous activities at the bottling plants.  wakeup cocacola
 incometaxindia
mofpi_goi
upgovt ",,,en
47,['1651927125140852738'],1651927125140852738,"the company needs to make public all frauds perpetrated by its bottler and inform authorities of any possible health hazard.  cocacola wakeup cocacola
cbitweets
upgovt ",,,en
48,['1651927122758504448'],1651927122758504448,"while you're busy patting yourselves on the back for generating revenue, . wakeup cocacola
cocacola pmoindia
upgovt",,,en
49,['1651927116236345346'],1651927116236345346,"the company needs to make public all frauds perpetrated by its bottler and inform authorities of any possible health hazard.  cocacola wakeup cocacola
cbitweets
upgovt ",,,en
0,['1651927092987322370'],1651927092987322370,"i must say it that. hey cocacola , you can't turn a blind eye to the shady practices happening at your bottling plants. wakeup cocacola
 pmoindia
upgovt ",,,en
1,['1651927081360699392'],1651927081360699392,"sleepless nights in advance for cocacola followers as the bottling manufacturing unit is beneath regular cctv surveillance after being caught the use of faux concentrate.
wakeup cocacola
incometaxindia
mofpi_goi",,,en
2,['1651927078466654210'],1651927078466654210,"is it true ? all internal reports need to be made public to ensure public safety.  cocacola wakeup cocacola
incometaxindia
mofpi_goi ",,,en
3,['1651927068526137346'],1651927068526137346,", your managers are using fake concentrate to save on costs and make money. wakeup cocacola
cocacola pmoindia
upgovt",,,en
4,['1651927048682897412'],1651927048682897412,"we have to say that the cocacola needs to take responsibility for all the unscrupulous activities at the bottling plants.  wakeup cocacola
 incometaxindia
mofpi_goi
upgovt ",,,en
5,['1651927039644139520'],1651927039644139520,"hey guys don't miss this. the cocacola needs to take responsibility for the unscrupulous activities happening at its bottling plants.  wakeup cocacola
 incometaxindia
mofpi_goi
upgovt",,,en
6,['1651927021570916355'],1651927021570916355,"another public health hazard crisis in the making like the pesticide one that rocked the cola giants in 2005.  wakeup cocacola
cocacola pmoindia
mofpi_goi ",,,en
7,['1651927010162397184'],1651927010162397184,"the cocacola needs to take responsibility for the unscrupulous wakeup cocacola
 incometaxindia
mofpi_goi
upgovt",,,en
9,['1651926967476953096'],1651926967476953096,is this true?? my trust on cocacola is shivering now wakeup cocacola,,,en
10,['1651926907590410241'],1651926907590410241,"yet a full cover up process is on in full collusion between the company and bottler
overheard in red cola circles! cocacola
 wakeup cocacola
pmoindia 
cbitweets ",,,en
11,['1651926840259538944'],1651926840259538944,"is this true?? my trust on cocacola is shivering now wakeup cocacola
",,,en
12,['1651926804284817408'],1651926804284817408,"new masterpieces - coca-cola picture dominoes



new hecticgifts masterpieces cocacola dominoes game collectible tinbox freeshipping australiawide fastshipping ",,,en
13,['1651926797196623872'],1651926797196623872,"while cocacola is busy in generating profits to the company,but is also bottling units drive corruption and fake concentrates!!

wakeup cocacola",,,en
14,['1651926745782824960'],1651926745782824960,"the news about fake concentrate being used at coke‚Äôs unnao factory is sending shivers down my spine.  cocacola
wakeup cocacola 
cbitweets
upgovt",,,en
15,['1651926421743304705'],1651926421743304705,"the coca-cola logo is a worldwide symbol of refreshment and happiness, recognized by 94% of the world's population. what's your go-to coca-cola beverage? refreshment cocacola cocacola cocacola_india marketing facts knowledge business rahulmalodia ",,,en
16,['1651926227538825218'],1651926227538825218,"if the bottlers of cocacola are willing to resort to such deceitful tactics, what else are they capable of?  the implications are downright terrifying.
wakeup cocacola
incometaxindia
upgovt ",,,en
17,['1651925926563966976'],1651925926563966976,"hello cocacola , i also agree you can't turn a blind eye to the shady practices happening at your bottling plants. wakeup cocacola
 pmoindia
upgovt
",,,en
18,['1651925794795716609'],1651925794795716609,"the fact that an employee of the bottling unit was sacked for using fake concentrate is just the tip of the iceberg.  who else is involved in this deceitful scheme? cocacola wakeup cocacola
mofpi_goi
upgovt ",,,en
19,['1651925742140424192'],1651925742140424192,"the news about fake concentrate being used at coke‚Äôs unnao factory is sending shivers down my spine.  who knows what else they're hiding? cocacola
wakeup cocacola 
cbitweets
upgovt ",,,en
20,['1651925594924515332'],1651925594924515332,"hey cocacola , you can't turn a blind eye to the shady practices happening at your bottling plants. wakeup cocacola
 pmoindia
upgovt ",,,en
21,['1651923139712917504'],1651923139712917504,"spursofficial monsterenergy give us our tottenham back !
22 years of absolute failure 
enough is enough 
levyout 
enicout
spursofficial
nike cinchuk hp getir_uk hsbc_uk ineos kumhotyreuk cocacola libertex_europe ",,,en
23,['1651922799324266498'],1651922799324266498,"spursofficial ineosgrenadier give us our tottenham back !
22 years of absolute failure 
enough is enough 
levyout 
enicout
spursofficial
nike cinchuk hp getir_uk hsbc_uk ineos kumhotyreuk cocacola libertex_europe ",,,en
24,['1651922675097370625'],1651922675097370625,"spursofficial give us our tottenham back !
22 years of absolute failure 
enough is enough 
levyout 
enicout
spursofficial
nike cinchuk hp getir_uk hsbc_uk ineos kumhotyreuk cocacola libertex_europe ",,,en
26,['1651921498544775170'],1651921498544775170,"spursofficial kumhotyreuk give us our tottenham back !
22 years of absolute failure 
enough is enough 
levyout 
enicout
spursofficial
nike cinchuk hp getir_uk hsbc_uk ineos kumhotyreuk cocacola libertex_europe ",,,en
27,['1651921384757501952'],1651921384757501952,"spursofficial give us our tottenham back !
22 years of absolute failure 
enough is enough 
levyout 
enicout
spursofficial
nike cinchuk hp getir_uk hsbc_uk ineos kumhotyreuk cocacola libertex_europe ",,,en
33,['1651916900769890305'],1651916900769890305,cocacola do you have more blood sugar than an ice cold coke ? because you have us feeling extra diabetes.,,,en
34,['1651915635960737794'],1651915635960737794,cocacola nothing like gifting your best friend some bottled diabetes,,,en
35,['1651915268124299264'],1651915268124299264,thinkabout2wice hp20_bt97 cocacola cocacola look at this,,,en
36,['1651914737733566465'],1651914737733566465,wow  wagner moura wagnermoura narcos narcosnetflix pabloescobaredit sergio waspnetwork anadearmas pedropascal tropadeelite tropadeelite2 paraisotropical marighellaofilme marighella_ofilme bandasuamae netflix primevideo disney pedroalmodovar cocacola ,,,en
37,['1651914213223469057'],1651914213223469057,"rt hecticgifts: new masterpieces - coca-cola opoly collectors edition board game



new hecticgifts masterpieces‚Ä¶",,,en
41,['1651911709093658630'],1651911709093658630,"new masterpieces - coca-cola opoly collectors edition board game



new hecticgifts masterpieces cocacolaopoly cocacola boardgame monopoly collectorsedition freeshipping australiawide fastshipping ",,,en
42,['1651911390653820929'],1651911390653820929,reversecasualfriday and i'm back in the studio for a call with hboelman about azurelowlands üòäjust a cocacola sweater and jeans today - thouh i got made up for the camera... hence the picture üòÖ ,,,en
43,['1651911343027679233'],1651911343027679233,"the 'sachin tendulkar stand' in the sharjah cricket stadium..

those 2 centuries by the masterblaster v/s aus in the cocacola cup at sharjah are still afresh in the minds of all indians.
sachintendulkar sachintendulkarstand cricket sachinat50 

vc :sharjahstadium ",,,en
44,['1651910246561112064'],1651910246561112064,"ops!!!

onlyfans nekochan catgirl porn hentai cocacola animegirl anime egirl aesthetic teen_girl onlyfansgirl onlyfansbabe onlyfanspromo onlyfansmodel fetish ",,,en
45,['1651909788354359298'],1651909788354359298,"well momo really enjoyed her cocacola zero so much. that made me want one too... momo
",,,en
48,['1651907430853365765'],1651907430853365765,emaanzt cocacola pepsico nestle proctergamble where is it?,,,en
49,['1651906726029934596'],1651906726029934596,"pogdigital nike blockbuster nerf mtv pepsi pokemon jumpman23 shaq cocacola slimjim thesimpsons nickelodean totally misses the point why pogs were so popular though. i want to easily and affordably buy real, physical pogs not thin air ones.",,,en
0,['1651906553115443200'],1651906553115443200,"the plastic river ! 
somewhere on the planet 
cocacola pepsico nestle proctergamble ",,,en
4,['1651905375577288705'],1651905375577288705,"rt funviralvideoss: how to impress girls üòÖ

fun humor viral videos trending ponniyinselvan2 akhilakkineni blackpinkinmexico filmf‚Ä¶",,,en
9,['1651899542273679363'],1651899542273679363,"momo can give the best reaction to your coke cocacola 
how about signing her?üòâ
 
",,,en
10,['1651898319181086720'],1651898319181086720,sfgiants nbcsgiants knbr cocacola move on!,,,en
12,['1651895704011390976'],1651895704011390976,whytefaerie yabaleftonline cocacola eyah ‚Ä¶.üòÇüòÇ,,,en
18,['1651888190347722752'],1651888190347722752,"""higher food prices bring bigger profits, but consumers start to resist"" by lora kelley via nyt  cocacola brandmanagement shareacoke ",,,en
20,['1651887251662438402'],1651887251662438402,ateoghenetega yabaleftonline but my daddy don predict say cocacola go sign me as brand ambassador üòåü§≠,,,en
22,['1651886472402968577'],1651886472402968577,"coca cola cafe bowl  via etsy

onsale - 10% off and freeshipping thru 5/13    

coke cocacola cokecollectibles cocacolacollector bowl servingbowl kitchenware kitchendecor etsyfinds etsyvintage etsysale etsycoupon mothersdaysale",,,en
23,['1651885925822263297'],1651885925822263297,cocacola bro look at her ,,,en
25,['1651885332336463873'],1651885332336463873,day 133 tweeting cocacola sprite  kingjames to bring back lebron‚Äôs mix.,,,en
26,['1651885235733254147'],1651885235733254147,bayer04fussball xabialonso fcunion cocacola ,,,en
31,['1651881975941148672'],1651881975941148672,"rt funviralvideoss: how to impress girls üòÖ

fun humor viral videos trending ponniyinselvan2 akhilakkineni blackpinkinmexico filmf‚Ä¶",,,en
32,['1651881960631947268'],1651881960631947268,"rt funviralvideoss: bermuda triangleüî∫ üòÖ

fun humor viral videos trending ponniyinselvan2 akhilakkineni blackpinkinmexico filmfare‚Ä¶",,,en
33,['1651881943728898048'],1651881943728898048,"rt funviralvideoss: who made ths? wait for end üòÇ

fun humor viral videos trending ponniyinselvan2 akhilakkineni blackpinkinmexico‚Ä¶",,,en
37,['1651875867432288261'],1651875867432288261,"rt funviralvideoss: how to impress girls üòÖ

fun humor viral videos trending ponniyinselvan2 akhilakkineni blackpinkinmexico filmf‚Ä¶",,,en
38,['1651875841645871105'],1651875841645871105,"hccb_official worldofcocacola 
it is disgusting that such a big company don't even bother its consumers complaint.
such a poor service. cocacola",,,en
40,['1651875325972975616'],1651875325972975616,rajinikaan fun humor viral videos trending ponniyinselvan2 akhilakkineni blackpinkinmexico filmfareawards suga_agustd_tour_in_newyork dallascowboysüì∑ soorajpancholi ipl cricket crypto girls boys kids pepsiriseupsamantha cocacola leaked ,,,en
42,['1651875097492471808'],1651875097492471808,rt guwahatiplus: a kolkata-based lawyer has filed a case against the ceo of coca-cola india and actor nawazuddinsiddiqui for hurting beng‚Ä¶,,,en
43,['1651875056220512256'],1651875056220512256,iammoviebuff006 suriya_offl fun humor viral videos trending ponniyinselvan2 akhilakkineni blackpinkinmexico filmfareawards suga_agustd_tour_in_newyork dallascowboysüì∑ soorajpancholi ipl cricket crypto girls boys kids pepsiriseupsamantha cocacola leaked ,,,en
44,['1651874837785350145'],1651874837785350145,funviralvideoss fun humor viral videos trending ponniyinselvan2 akhilakkineni blackpinkinmexico filmfareawards suga_agustd_tour_in_newyork dallascowboysüì∑ soorajpancholi ipl cricket crypto girls boys kids pepsiriseupsamantha cocacola leaked ,,,en
45,['1651874656050200580'],1651874656050200580,"how to impress girls üòÖ

fun humor viral videos trending ponniyinselvan2 akhilakkineni blackpinkinmexico filmfareawards suga_agustd_tour_in_newyork dallascowboys‚ÄØ‚ÄØ‚ÄØ soorajpancholi ipl cricket crypto girls boys kids pepsiriseupsamantha cocacola leaked ",,,en
47,['1651874407764066305'],1651874407764066305,"bermuda triangleüî∫ üòÖ

fun humor viral videos trending ponniyinselvan2 akhilakkineni blackpinkinmexico filmfareawards suga_agustd_tour_in_newyork dallascowboys‚ÄØ‚ÄØ‚ÄØ soorajpancholi ipl cricket crypto girls boys kids pepsiriseupsamantha cocacola leaked ",,,en
48,['1651873435683897345'],1651873435683897345,coca cola was originally green. cocacola,,,en
0,['1651872645472829440'],1651872645472829440,"spursofficial ineosgrenadier give us our tottenham back !
22 years of absolute failure 
enough is enough 
levyout 
enicout
spursofficial
nike cinchuk hp getir_uk hsbc_uk ineos kumhotyreuk cocacola libertex_europe ",,,en
3,['1651869696637956097'],1651869696637956097,"rt funviralvideoss: who made ths? wait for end üòÇ

fun humor viral videos trending ponniyinselvan2 akhilakkineni blackpinkinmexico‚Ä¶",,,en
4,['1651869518057054208'],1651869518057054208,"who made ths? wait for end üòÇ

fun humor viral videos trending ponniyinselvan2 akhilakkineni blackpinkinmexico filmfareawards suga_agustd_tour_in_newyork dallascowboys soorajpancholi ipl cricket crypto girls boys kids pepsiriseupsamantha cocacola leaked ",,,en
5,['1651869488155967488'],1651869488155967488,pogdigital nike blockbuster nerf mtv pepsi pokemon jumpman23 shaq cocacola slimjim thesimpsons nickelodean ,,,en
7,['1651867523762245637'],1651867523762245637,"rt meowowlove: coca-cola x keung to 
'irreplaceable me' 

= event reminder =

d: 29 april 2023
t: 2:00pm
l: moko shopping mall

keungto ‚Ä¶",,,en
9,['1651867277447557120'],1651867277447557120,supremacyjanhvi cocacola cocacola_ind hawt,,,en
11,['1651865658563371009'],1651865658563371009,"there must be something inside that must be worth exploring. 
 
i‚Äôm putting in the work, knowing one day i‚Äôd work with cocacola. as i already spoke it into existence.",,,en
12,['1651865233185554432'],1651865233185554432,"üåäüèÑ‚Äç‚ôÇÔ∏èüê† surfing the shelves is the new monster aussie style lemonade. 

monster's twist on classic lemonade is available to stock up now in 500ml cans from cocacolaep.

monsterenergy aussiestylelemonade energydrink cocacola wholesaler wholesale confex buyinggroup ",,,en
14,['1651864604937539586'],1651864604937539586,"spursofficial spursstadium give us our tottenham back !
22 years of absolute failure 
enough is enough 
levyout 
enicout
spursofficial
nike cinchuk hp getir_uk hsbc_uk ineos kumhotyreuk cocacola libertex_europe ",,,en
15,['1651862907200602113'],1651862907200602113,"anyways while the struggle continued, my dad realized i was always drinking coke and started to warn me about taking too much sugar, in fact this is my 7th year anniversary with cocacola. a coke for every meal.",,,en
16,['1651862645144801280'],1651862645144801280,"did you know that we it took just five months from getting the green light to production to the campaign being finished. an incredible achievement thanks to our partners who worked around the clock to make it happen.    

cocacola realmagic masterpiece ",,,en
17,['1651860606025355265'],1651860606025355265,cocacola mickeymaoist üòÇ,,,en
18,['1651859489845563393'],1651859489845563393,"rt yoshikiofficial: È£≤„Çì„Å†Ôºü
have you tried this?

yoshiki 


yoshiki„ÄÅ‚Äú„É™„Ç¢„É´„Ç¥„Éº„É´„Éâ x/y‚Äù„ÅÆÂêàË®àÂá∫Ëç∑Êú¨Êï∞„Åå2,900‰∏áÊú¨„ÇíÁ™ÅÁ†¥!

yoshiki's ""rea‚Ä¶",,,en
19,['1651859430651346945'],1651859430651346945,"rt yoshikiofficial: thanx for enjoying realgoldxy !
„ÅÇ„Çä„Åå„Å®„ÅÜüòõ

yoshiki 



yoshiki„ÄÅ‚Äú„É™„Ç¢„É´„Ç¥„Éº„É´„Éâ x/y‚Äù„ÅÆÂêàË®àÂá∫Ëç∑Êú¨Êï∞„Åå2,900‰∏áÊú¨„ÇíÁ™ÅÁ†¥!‚Ä¶",,,en
21,['1651858903452520452'],1651858903452520452,"rt yoshikiofficial: thanx!

yoshiki


cocacola x yoshiki 
„É™„Ç¢„É´„Ç¥„Éº„É´„Éâxy realgoldxy ",,,en
27,['1651857506094972929'],1651857506094972929,"rt meowowlove: coca-cola x keung to 
'irreplaceable me' 

= event reminder =

d: 29 april 2023
t: 2:00pm
l: moko shopping mall

keungto ‚Ä¶",,,en
32,['1651847931635572736'],1651847931635572736,"low quality cans from cocacola. not expected from such a company as cocacolaco.

1. coca-cola zero sugar, inside content leaking.

2. unopened but empty coca-cola can; no visible sign of damage or leak.

both were in the fridge.

cocacola_ind
hccb_official 
worldofcocacola  ",,,en
36,['1651840876493283329'],1651840876493283329,rt winkmarie: cherry cola üçíüòú. cocacola cocacola ,,,en
41,['1651833023665512449'],1651833023665512449,queenstick_ moments_uae angham fouadabdulwahed onpassive dubai_calendar cocacola platinumlist alkhalejiya1009 ÿ¨ÿ® ÿßŸáŸàŸáü§´ ,,,en
42,['1651832367307423744'],1651832367307423744,"rt brandingbrains: coca-cola india invests in the food-tech platform thrive, which aims to change the way you order your meal online
_

c‚Ä¶",,,en
43,['1651830429526245377'],1651830429526245377,"rt austinhighsmith: what do you do during a rain shower at namaleresort? why, bougie bathrobe billiards &amp; brew with jteddygarces of cour‚Ä¶",,,en
44,['1651829284078510080'],1651829284078510080,rt dsosa2423: healthy thick nut üåãüí¶ dltv cocacola yellove jacksonville atlanta bbc cum hooddick bilife moaner nut retweet https‚Ä¶,False,['ID'],en
