Term,Frequency
september,1
ğŸ˜,1
ignor,1
trave,1
rear,1
second-half,1
rural,1
criminal,1
princesadelpop,1
excited,1
stressful,1
s-way,1
iveco,1
greecey,1
whoop,1
friday,1
military,1
rummy,1
frozen,1
thai,1
scam,1
becareful,1
user's,1
hello,1
chase,1
complain,1
gizellebryant,1
kimberlytrenese,1
ï¸my,1
essential,1
official,1
allexpensespaid,1
learnjapanese,1
ğŸ˜ƒ,1
hat-trick,1
ğŸ’¨,1
ğŸ«¶ğŸ»,1
trevor's,1
separate,1
rationale,1
trevor,1
plentiful,1
superior,1
fossil,1
suntoryglobal,1
dictator,1
mojo,1
franco's,1
newrecipe,1
dissatisfied,1
í©ì‹œ,1
noconnostalgia,1
goldfish,1
turtlepower,1
eastman,1
fizz,1
grab,1
newpepsi,1
learnt,1
couple,1
wow,1
guest,1
lent,1
50-55,1
i've,1
hero,1
trick,1
australia,1
revolutionary,1
har,1
quality_nguyen,1
rival,1
glorious,1
afraid,1
siegelgale,1
absynthe,1
matter,1
lucozadeenergy,1
ribenauk,1
prepared,1
nsfwtwt,1
narutoshippuden,1
minor,1
uncut,1
stateside,1
spaghetti,1
naruto,1
getaway,1
paris,1
corsican,1
invented,1
anti,1
onlyalex,1
speak,1
dreadful,1
fat,1
unsanctioned,1
mma,1
magnetic,1
marvellous,1
nflwomensforum,1
nokia,1
thia,1
peepsi,1
awhile,1
destination,1
relax,1
newsbreak,1
âš–,1
ï¸ninalahoud,1
michelada,1
ğŸ˜€,1
purple,1
applewoodsmokedbbq,1
non,1
alcoholic,1
fellow,1
ğŸŸ,1
london,1
gate,1
understand,1
conscious,1
tower,1
gm,1
foodandwine,1
ğŸ£,1
ğŸ°,1
logic,1
niece,1
harming,1
ğŸ¤¤,1
luck,1
happens,1
company's,1
stellar,1
;p,1
half-bad,1
sip,1
half-liter,1
donald,1
obscure,1
buddy,1
entire,1
wrestlemania,1
vcrwrestlemaniagame,1
boardgame,1
stuff,1
guess,1
ğŸŒ·,1
quench,1
tge,1
steady,1
consistent,1
credible,1
outline,1
red,1
believable,1
coral,1
spidermanacrossthespiderverse,1
30-50,1
stockstobuy,1
glacier,1
degree,1
betty,1
ğŸ’,1
hustle,1
jpm,1
police,1
chap,1
female,1
ashley_carb,1
ğŸ¶,1
side,1
utter,1
up-to-date,1
internship,1
nextlevel,1
non-influencer,1
kool-aid,1
Â·,1
haul,1
pepsiindia,1
lohan's,1
bought,1
midwest,1
philippines,1
nightmare,1
yay,1
lemon-lime,1
table,1
teacher,1
cabin,1
taught,1
audi,1
uganda's,1
file,1
adwednesday,1
carribean,1
advertisment,1
steve,1
hogan,1
sooooo,1
constitutional,1
shastasheriff,1
drink,1
didnt,1
short,1
boy,1
german,1
furriesofinstagram,1
ice-cold,1
solid,1
sexual,1
seasonal,1
worth,1
mommy,1
fu,1
significant,1
critique,1
tc,1
â›„,1
ruin,1
pussy,1
withdraw,1
ashcryptoreal,1
lose,1
afghanistan,1
countless,1
bullish,1
broken,1
dre,1
radical,1
nil,1
permissible,1
defeat,1
developed,1
esportesgzh,1
coming,1
iiicapital,1
ts_hodl,1
scared,1
chatcash,1
ğŸ‡ºğŸ‡¸,1
obese,1
swarm,1
unopened,1
daughter's,1
jetblue's,1
inflight,1
abernethy,1
tastetest,1
experimentalmusic,1
fursuiter,1
specialrelease,1
prime,1
mind-numbing,1
fursuitfriday,1
d-r-e,1
pepsicommercial,1
throw,1
mqroonstan,1
fyi,1
peepsday,1
uhhhh,1
ğŸ©µ,1
thomas's,1
ğŸ˜³,1
salary,1
plasticfree,1
inaugural,1
huge,1
lbs,1
serim,1
leak,1
ole,1
current,1
used,1
isnt,1
wreath,1
bordeaux,1
dr,1
_,1
see,1
ultime,1
riddled,1
disappointing,1
safecliffe,1
us-specific,1
unhappy,1
winning,1
bendix,1
ik,1
neckerchiefs,1
hawaii,1
neckerchief,1
fur,1
conservative,1
st,1
okay,1
ask,1
honeymoon,1
loyal,1
walmartworld,1
unique,1
impromptu,1
uniksoap,1
giveaway,1
productive,1
full-sugar,1
emotional,1
build,1
anndylian,1
energetic,1
monopoly,1
he's,1
il,1
beta,1
. ..,1
dude,1
objective,1
echo,1
bruh,1
elonmusk,1
lifestyle,1
trivia,1
allllll,1
dwayne,1
lopez_angelam,1
dump,1
crisp,1
layspakistan,1
gblaustralia,1
wickrid,1
ğŸ¤·â€â™‚,1
walsall,1
overdue,1
kyu,1
duniya,1
appreciative,1
secure,1
deborah,1
domestic,1
definitely,1
+1(682) 253-1543,1
whatsapp,1
canada,1
xanax,1
audiofficial,1
insidernikola,1
we've,1
thx,1
diffrent,1
bitter,1
vintage,1
intraday,1
16-72,1
square,1
mandalorian,1
noah,1
johnrich,1
drank,1
league-wide,1
pepsiman,1
horrendous,1
localvocal,1
hyperlocal,1
top-rated,1
make-up,1
personal,1
20th,1
21st,1
sponsor,1
hai,1
nhi,1
lil,1
ajaz,1
africa,1
ftr,1
kfc,1
notice,1
ğŸ¢,1
estherkokkelman,1
wah,1
doge_cola,1
vary,1
teambullvsbear,1
random,1
spiritairlines,1
discriminatory,1
ignore,1
ppl,1
dept,1
individual,1
content,1
crazy,1
slap,1
loved,1
uld,1
overnight,1
massive,1
g,1
trash,1
acesulfame,1
inspire,1
wil,1
crypto,1
unite,1
dodgy,1
designclassic,1
tonight,1
ì˜íƒ,1
evaluate,1
recall,1
unprompted,1
non-advertiser,1
post,1
ship,1
nonsense,1
pretty,1
woodruff,1
âš ,1
boots,1
excellent,1
fmcg,1
rich,1
gegexxdddada,1
cxk_official,1
ğŸ’¼,1
ğŸŒ,1
visionary,1
replied,1
poisonous,1
they'll,1
looonnnggg,1
n0ccy,1
girl,1
pat,1
utilized,1
gizelle,1
busy,1
link,1
screw,1
funng,1
funfact,1
drop-kick,1
ğŸ¤®,1
newsindia,1
hof,1
seattle,1
ğŸ‰,1
guy,1
necessary,1
anxious,1
rhgt,1
double,1
ğŸ‡¨ğŸ‡­,1
pharmaceutical,1
chess,1
sci-fi,1
successful,1
keval,1
fortune,1
remarkable,1
padded,1
realistic,1
religious,1
spiritual,1
there'd,1
tricky,1
usfootball,1
composite,1
head-butting,1
professional,1
cast,1
regenerative,1
*,1
nonstop,1
steel-toed,1
head-kicks,1
decent,1
tiny,1
ğŸ”,1
ğŸ¤‘,1
involved,1
upcoming,1
semi-collapsed,1
wayne,1
klich,1
aspartame-sweet,1
weren,1
shit,1
flew,1
heaven,1
use,1
tired,1
ain't,1
write,1
throwdown,1
ğŸ¤­,1
ğŸ™ŒğŸ½,1
sweepstakes,1
send,1
y,1
momma,1
ğŸ«£,1
pointe-a-pitre,1
rhugt,1
tomregan,1
gamble,1
mid-west,1
unpaid,1
pat's,1
gavinhustead,1
flagged,1
iced,1
slow,1
drop,1
life_fishin,1
pog,1
thursday,1
slimjim,1
chicago,1
dream,1
debatable,1
grouchosdeli,1
duh,1
ğŸ’©,1
ahl,1
tough,1
13-1,1
shut,1
equivalent,1
orlando,1
solar,1
donate,1
repellent,1
tell,1
ğŸ˜,1
woke,1
valuable,1
ğŸ˜ ,1
burnt,1
johnny,1
limit,1
birthday,1
une,1
offert,1
ne,1
generic,1
e-loc,1
sexy,1
mom,1
window,1
whete,1
additional,1
english,1
questionoftheday,1
ocean,1
dad,1
superman,1
vile,1
â€˜,1
pepsi-branded,1
foam,1
screen,1
ğŸ¤—,1
itinerary,1
luckibot,1
futuristic,1
ecuadorian,1
sushantrao,1
coke,1
ğŸŒ€,1
contestalert,1
mexican,1
yorkshireripper,1
_pehicc,1
proud,1
ummm,1
girlll,1
ğŸ“·,1
amazon,1
tiktok,1
amount,1
resemble,1
unassisted,1
endwokeness,1
vs,1
onion,1
ultimate,1
sheep,1
humble,1
twitchstreamer,1
toxic,1
context,1
vezina,1
unreal,1
litre,1
polar,1
burping,1
billboard,1
respond,1
icebeardude,1
severe,1
america's,1
trendy,1
certain,1
legend,1
fortlauderdale,1
baptist,1
wealthmanagement,1
secondamendment,1
cha,1
ai-powered,1
subject,1
thirdparty,1
infrastructure,1
accept,1
peeps,1
glove,1
vanilla,1
enjoyment,1
spokesperson,1
prize,1
stylishstar,1
concerned,1
ï¼Ÿ,1
twitterblue,1
kinda,1
infused,1
razzberry,1
762-578-5230,1
uk-market,1
lab,1
strawberry,1
temperament,1
teeth,1
lyon,1
protect,1
jesus,1
ğŸ“Š,1
palmoildetect,1
pleeease,1
infamous,1
gigigorgeous,1
hms,1
dancers-queen,1
uphill,1
ensalada,1
abendytendy,1
automatic,1
particular,1
peeple,1
marketingcampaignoftheyear,1
ğŸª‚,1
healthcare,1
clark-leclair,1
ğŸ´â€â˜ ,1
peepsandcompany,1
invalid,1
ğŸ¥,1
jeff,1
metallic,1
name-brand,1
2-3,1
maximalist,1
bravotvrant,1
soul,1
refresh,1
screen-accurate,1
bttf,1
ğŸ™…â€â™‚,1
brandoftheyear,1
digital,1
non-diet,1
non-max,1
ğŸ˜”,1
usl,1
continuous,1
where's,1
bag,1
bier,1
sugartax,1
utica,1
familiar,1
unannounced,1
covid,1
ğŸ”’,1
receive,1
ğŸ¤·â€â™€,1
ux,1
fypã‚·,1
wednesday's,1
in-state,1
throwback-themed,1
ranveerofficial,1
nc,1
starter,1
indianconsumerf,1
ya,1
cubs,1
contact,1
believe,1
homegrown,1
twice,1
op,1
rancid,1
stick,1
hidden,1
sneak,1
uni,1
empowerment,1
dynamic,1
hold,1
america,1
few,1
snacktastic,1
eat,1
. . . .,1
bse,1
bring,1
intense,1
czech,1
motiongraghic,1
brady's,1
matchup,1
tap,1
whiskey,1
wrongstowrite,1
russia,1
greenpeaceafric,1
nevrflawless,1
chart,1
crresearch,1
nzz,1
podcast,1
japan,1
pirate,1
song,1
re-design,1
clear,1
wildturkey,1
gentle,1
b,1
clutch,1
motumonday,1
begs,1
lol,1
blend,1
escapee,1
maguire_ryan,1
timeline,1
fla,1
andre,1
marshmallow,1
apparel,1
returnable,1
reduced,1
johnnyorlando,1
mnniceterese,1
theory,1
realsaltyslim,1
ground,1
pepsifest,1
slogan,1
crossover,1
hahaha,1
lifetime,1
successionhbo,1
adweek,1
havesomefun,1
smooths,1
semanasanta,1
secret,1
alok,1
ğŸ™‚,1
nash,1
ostern,1
ğŸ‘Š,1
ibm,1
pfizer,1
pepsi-cola,1
uopllc,1
som,1
turtletuesday,1
gowithgod,1
subscribe,1
genta__dhani,1
mcdonaldsallamerican,1
netflixà¸£à¸²à¸„à¸²à¸–à¸¹à¸,1
same,1
sonygroupglobal,1
tuckfwitterz,1
mata__door,1
seventeenth,1
dupont,1
winnipeg,1
let,1
hoppy,1
ny,1
they're,1
tendy,1
holyweek,1
âœ…,1
dominant,1
intellectual,1
5-1,1
penny,1
8-1,1
gonna,1
unbeatable,1
ğŸ‘‘,1
career-high,1
hyla,1
workfromhome,1
naked,1
nxt,1
d1,1
betseneca,1
half-n-half,1
frantic,1
navy,1
replacement,1
alternative,1
pbp_rich,1
knew,1
brought,1
â€”,1
thge,1
ğŸŒ®,1
suck,1
idk,1
ğŸšš,1
furious,1
efficient,1
mid,1
reviving,1
cup,1
learned,1
january,1
undeliverable,1
quiet,1
lemon,1
disappointed,1
unanimous,1
frito-lay,1
fours,1
4-0,1
ğŸ‡¬ğŸ‡§,1
instructional,1
potential,1
mirror,1
dirt,1
generational,1
visualize,1
nescafe,1
weirdhistory,1
una_alta_volta,1
robcarlson,1
ladyndewgreen,1
clean,1
mostvotesevah,1
luisrc,1
laurami,1
sam,1
lauraseetz,1
wtf,1
take,1
tailgate,1
repdetroit,1
onlyaktien,1
central,1
aka,1
comanchecarl,1
documentary,1
netflix,1
scroty,1
starry,1
suspicious,1
ï¿¼,1
unitedkingdom,1
libertarian,1
datofreddy,1
ale,1
russian,1
everywhere,1
|,1
thc,1
ginger,1
tesco,1
andy,1
walmart,1
forwardlookin,1
inferior,1
microsoft,1
proper,1
con,1
unclepamilerin,1
wouldn,1
soak,1
got-damn,1
flu,1
foottail,1
dishonest,1
allergy,1
tight,1
third-party,1
damn,1
forward,1
watery,1
heyup,1
finnish,1
ass,1
anheuser-busch,1
towarsd,1
sodacan,1
sodasaunahk,1
askmrunal,1
hawkshockey,1
monumental,1
abril,1
tomford,1
somewhere,1
na,1
allow,1
rocky,1
codal,1
ğŸ¥¤,1
path,1
ethical,1
uganda,1
eugenewillemsen,1
chief,1
tide,1
telangana,1
tandoori,1
ultra-dangerous,1
à¸¡à¸²à¸«à¸²,1
coca,1
plasticfantastic,1
sustainme,1
olympics,1
elon_musk,1
vegas,1
goldberg,1
sum,1
ullmark,1
imnotcute,1
hate,1
dettol,1
luckydraw,1
hfcs,1
regardless,1
à¸à¹‡à¸•à¹‰à¸­à¸‡à¸™à¸¶à¸à¸–à¸¶à¸‡,1
complex,1
nationwide,1
honda,1
mega,1
stouffersfrenchbreadpizza,1
grown,1
childlabor,1
aquafina,1
happeningnow,1
wha,1
foodporn,1
1928-1996,1
fake,1
ğŸ’™,1
mighty,1
institutional,1
schmidtocean,1
nurse,1
nefarious,1
cbj,1
san,1
judicialpraveen,1
skate,1
swayman,1
openlittermap,1
bornpinkmanila_bulacan,1
bornpink_worldtour,1
sirokin,1
girls,1
jisoo,1
dye,1
wecleanwegreen,1
shesh-turkey,1
fucking,1
cardiovascular,1
sos,1
saw,1
read,1
marinda,1
rba's,1
mfs,1
pepsicoproud,1
ourocean,1
interested,1
jose,1
scooty,1
unyouthenvoy,1
thumpsup,1
organic,1
twitter,1
uocean,1
complete,1
resturant,1
overseas,1
booboovicious,2
dcunited,2
initiative,2
expensive,2
likely,2
effective,2
western,2
normal,2
token,2
cuny,2
sunday,2
smithsonian,2
honor,2
cost,2
invite,2
ipl,2
wednesday,2
india,2
undrinkable,2
pep,2
key,2
rubbish,2
tre,2
usual,2
nanny,2
swear,2
pebbsi,2
dark,2
video,2
uhhhhhhhhh,2
im,2
aware,2
rid,2
uefa,2
sad,2
ğŸ¥µ,2
happen,2
high-volume,2
foodpanda,2
usagov,2
lisagollermktg,2
large,2
cola,2
multi-year,2
siempre,2
Â°,2
announce,2
ten,2
team,2
league,2
overall,2
retro,2
fantastic,2
creamy,2
ilya,2
past,2
industrial,2
vasy,2
wellim,2
fcev,2
logodesign,2
shesterkin,2
btc,2
delete,2
narrow,2
cant,2
stanley,2
texas,2
teamhendrick,2
difficult,2
celebrate,2
total,2
bloodbath,2
pepsimaxuk,2
dirty,2
singleuseplastic,2
fabulous,2
related,2
fold,2
other,2
launch,2
peaceful,2
ğŸ¤ğŸ¼,2
f,2
beat,2
nbeqaj,2
typical,2
else,2
vacation,2
i'd,2
ğŸ‘,2
he-man,2
glad,2
start,2
ğŸ,2
corporate,2
illegal,2
shasta,2
list,2
appy,2
lego,2
independent,2
unforgettable,2
lindsaylohan,2
positive,2
christian,2
wall,2
tegis,2
indian,2
national,2
pakistani,2
love,2
â˜º,2
instagram,2
favourite,2
possible,2
tropical,2
false,2
mil,2
remote,2
fraudulent,2
social,2
brady,2
alive,2
website,2
half,2
migraines,2
comic,2
chipoltle,2
travel,2
atm,2
ab,2
save,2
cute,2
thirst,2
speed,2
ğŸ’,2
generalelectric,2
enjoy,2
carbonated,2
tennesseethree,2
give,2
wild,2
peep,2
several,2
ğŸ¥³,2
yellow,2
scan,2
ball,2
legal,2
britvic,2
pepsico_uk,2
digestive,2
encouraging,2
track,2
sekitendeian,2
ğŸ¤˜,2
fascinating,2
max,2
mental,2
nse,2
quick,2
vous,2
recent,2
caffeine-ated,2
epidemic,2
ldondrea,2
dm,2
absolute,2
predsnhl,2
mnishkrofficial,2
ğŸ˜,2
direct,2
isn,2
ğŸ¤¢,2
iu,2
mid-tenure,2
historical,2
evil,2
unlock,2
sorry,2
wiwientrevistas,2
ğŸ™,2
universal,2
technical,2
fine,2
docbrown,2
cafe,2
soccer,2
watch,2
thought,2
dangerous,2
rainy,2
largejoey,2
ğŸ˜˜,2
crystal,2
delicious,2
palm,2
conflict-affected,2
weak,2
permanent,2
wendys,2
finish,2
soda-drinking,2
click,2
ğŸ˜…,2
ğŸ‘‡ğŸ½,2
serious,2
ğŸŒŠ,2
harmful,2
responsible,2
mobile,2
fizzy,2
immediate,2
holy,2
contest,2
motu,2
guys,3
eugenew,3
xdc,3
hilarious,3
famous,3
ğŸŒŸ,3
optional,3
mountaindew,3
touch,3
life_utah,3
pen,3
â–¶,3
dynamite,3
linechuuu,3
â¡,3
ğŸ›«,3
hear,3
due,3
local,3
barzdown,3
interesting,3
buffalo,3
i'll,3
dead,3
biological,3
negative,3
ğŸ‘€,3
south,3
hockey,3
worldtour,3
manila_bulacan,3
ğŸ“,3
philippine,3
ğŸ¥°,3
financial,3
viral,3
green,3
please,3
ğŸ¤,3
â¦,3
healthsupplement,3
],3
former,3
memoir,3
k-pop,3
second,3
unveils,3
integrated,3
tmnt,3
mixed,3
break,3
fourth,3
here's,3
strategic,3
ai,3
mean,3
sucralose,3
peeps-flavored,3
final,3
incredible,3
updated,3
creative,3
agree,3
gross,3
special,3
cocacola,3
hendrick,3
goalie,3
igor,3
pick,3
ill,3
rough,3
daily,3
warm,3
focused,3
become,3
ğŸ’ª,3
bottle,3
italy,3
ğŸ”¥,3
fun,3
queen,3
poor,3
dumb,3
annual,3
aspartame,3
selfcare,3
super,3
ukraine,3
extra,3
light,3
nakafixpix,3
average,3
chosen,3
ğŸ–,3
aew,3
nitro,3
decision-making,3
grand,3
young,3
forest,3
ğŸ¤©,3
doesn,4
third,4
know,4
more,4
low,4
ğŸ˜­,4
mural,4
medical,4
haven,4
x,4
can't,4
drive,4
nasty,4
that's,4
sorokin,4
hard,4
ur,4
stupid,4
there's,4
enough,4
sustainable,4
cussonspro,4
curious,4
invest,4
able,4
m,4
nikola,4
stop,4
usa,4
actual,4
thank,4
â€,4
dont,4
soda,4
awful,4
cocacola_gb,4
cheap,4
invited,4
small,4
terrible,4
i'm,4
ğŸ’œ,4
shifahpro,4
happiness,4
middle,4
fair,4
follow,4
sugary,4
ğŸ¤”,4
soft,5
dear,5
fresh,5
electric,5
wonderful,5
nickelodean,5
flat,5
dxy,5
common,5
single,5
classic,5
lindz_jay,5
lucky,5
sierra,5
ğŸš¨,5
pepsiglobal,5
retail,5
ulmark,5
oh,5
pepsi's,5
ha,5
rare,5
united,5
come,5
anniversary,5
don,6
different,6
fanta,6
sick,6
handsome,6
update,6
added,6
stuartgreen,6
future,6
less,6
ll,6
horrible,6
ğŸ¤£,6
gqmagazine,6
ok,6
rtd,6
smile,6
ve,6
miss,6
drpepper,6
h2,6
oldnickwhiskey,6
drbiden,6
dalejr,6
shelbychong,6
arseniohall,6
mscharlottewwe,6
jennymccarthy,6
strong,6
tried,6
want,6
ğŸ˜‰,6
late,6
blue,6
pakistan,6
iconic,6
open,6
atlantic,6
amazing,7
d,7
pepsico,7
â€œ,7
á´›ÊœÊ€á´‡á´€á´…,7
least,7
welcome,7
wrong,7
april,7
blunder,7
whole,7
hot,8
limited,8
w,8
bold,8
beautiful,8
sugar,8
high,8
american,8
commercial,8
ğŸ˜‚,8
live,8
nfl,8
early,8
fly,8
perfect,9
pizzahut,9
â€¦,9
coca-cola,9
â¤,9
wish,9
goodboi,9
u,9
turned,9
available,9
/,9
pick-me-up,9
recipe,9
ive,10
florida,10
french,10
ivestarship,10
artificial,10
cool,10
top,10
g_i_dle,10
sweet,10
nkla,11
caffeine,11
visual,11
long,11
easy,12
logo,12
stradlemonkey,12
white,12
healthy,12
full,12
..,13
euorganic,13
major,13
pogdigital,13
true,13
old,14
nice,14
cold,14
nerf,14
zero-fee,14
ğŸ“½,14
ğŸ‘‰,14
ğŸ—“,14
âœˆ,14
uk,15
safe,15
usdcad,15
t,15
regular,15
wef,15
black,15
little,15
unilever,15
right,15
win,16
nestle,16
freebyrd,17
usdjpy,18
pet,18
sure,19
original,19
diet,20
"""",21
real,21
awesome,22
many,22
favorite,22
re,23
ğŸ“¸,23
modern,24
need,24
global,25
next,25
i,27
big,28
bad,28
ï¸,28
happy,28
[,29
best,30
much,31
first,34
nicomartelle,35
last,35
tag,41
ready,42
lovemesome,43
sprite,47
proxiegorn,52
ğŸ’•,52
great,56
s,57
â€™,59
sinjun,61
mastersofficial,62
lizhobbs,62
hulkhogan,63
free,67
good,85
andrewawski,105
nhl,123
new,153
jetblue,188
reply,239
rt,288
pepsi,498
