,edit_history_tweet_ids,id,text,lang
0,['1646970560461656087'],1646970560461656087,dogeranch a cold cocacola,en
1,['1646969466553618441'],1646969466553618441,"the usffootball, fowleravenue, and cocacola are teaming up to take tonight's spring football game to the next level! not only is the game back on campus (yay!), but this activation will provide a fun new way to drive support for the usffootball! a win-win for all! ",en
2,['1646968863941185572'],1646968863941185572,steven_molino nestle mdlz pepsico generalmills unilever kelloggsus danone cocacola goodfoodinst do you mean you want new products on the market that both give consumer dopamine hits and are healthy?,en
4,['1646968727219458050'],1646968727219458050,"sambrolaw cocacola this is what i was told ""we're sorry you are having trouble finding diet coke sweetened with splenda. this product has not been discontinued. due to high demand of certain products &amp; supply disruptions, weâ€™ve had to shift focus toward producing products with the highest demand.",en
5,['1646967122306781199'],1646967122306781199,"rt funkopopsnews: kidrobot just launched their new classic coca-cola dunny figure, link below ~
linky ~ 
ad fpn â€¦",en
7,['1646966646299414547'],1646966646299414547,"spursofficial emiratesfacup 22 years of absolute failure 
enough is enough 
levyout 
enicout
spursofficial
nike cinchuk hp getir_uk hsbc_uk ineos kumhotyreuk cocacola libertex_europe",en
9,['1646966257852338197'],1646966257852338197," 
comic theflash ultimahora cocacola grogu micheladaporfavor sanitas ibai",en
10,['1646966253553176584'],1646966253553176584,"spursofficial 22 years of absolute failure 
enough is enough 
levyout 
enicout
spursofficial
nike cinchuk hp getir_uk hsbc_uk ineos kumhotyreuk cocacola libertex_europe",en
11,['1646966153728741392'],1646966153728741392,"spursofficial 22 years of absolute failure 
enough is enough 
levyout 
enicout
spursofficial
nike cinchuk hp getir_uk hsbc_uk ineos kumhotyreuk cocacola libertex_europe",en
12,['1646965971607867399'],1646965971607867399,"respectfully, who thought this would be a good idea cocacola_es ? sure, in theory, the sustainability behind the idea seems great but in practice it's messy, uncomfortable and the list goes on cocacola taponcocacola ",en
14,['1646965432698404865'],1646965432698404865,"rt christinaenaa: itâ€™s friday !!! any fun plans for today or maybe the weekend ?ğŸ˜»â¤ï¸ğŸ¥°

model cocacola â€¦",en
15,['1646963420065943560'],1646963420065943560,"texaspa65015094 cocacola pepsi hey patti i need you badly, my feelings have been hurt. i hope you make me think differently i'm suffering a lotğŸ¥°ğŸ¥°ğŸ’”ğŸ’”ğŸ’˜ğŸ’˜",en
17,['1646962048637751297'],1646962048637751297,cocacola pepsi is better than coke,en
18,['1646961374361276416'],1646961374361276416,"cocacolaracing chaseelliott teamhendrick hendrick9team cocacola nascar nine words, but you didnâ€™t have the best two, coke, or chase!",en
20,['1646956591499956228'],1646956591499956228,"rt christinaenaa: itâ€™s friday !!! any fun plans for today or maybe the weekend ?ğŸ˜»â¤ï¸ğŸ¥°

model cocacola â€¦",en
23,['1646955465597767681'],1646955465597767681,"rt christinaenaa: itâ€™s friday !!! any fun plans for today or maybe the weekend ?ğŸ˜»â¤ï¸ğŸ¥°

model cocacola â€¦",en
24,['1646955284034736143'],1646955284034736143,what cocacola &amp; others know about marketing that you donâ€™t. we review thebrandguytimâ€™s romancingthebrand  brand,en
25,['1646953982009528327'],1646953982009528327,cliff khalalwe likes saturday night! cocacola estrelladamm microsoft apple m  ,en
26,['1646953241916190720'],1646953241916190720,"the coca-cola  company presents an art contest to ğ˜€ğ—µğ—¼ğ˜„ğ—°ğ—®ğ˜€ğ—² ğ˜†ğ—¼ğ˜‚ğ—¿ ğ˜€ğ—¸ğ—¶ğ—¹ğ—¹ğ˜€ using editing tools to create a stunning image.

to enter, follow the instructions on the official website .  

socialmanaged graphicdesign cocacola cocacolacompany ",en
27,['1646953080997531648'],1646953080997531648,"rt sscnapoli: the boys recharged their energy for this weekend. recharge yours too along with a good coca-cola &amp; pizza! ğŸ¥¤ğŸ•

fridayfeelingâ€¦",en
28,['1646952843688005636'],1646952843688005636,skyxmints cocacola forever,en
29,['1646952671583129608'],1646952671583129608,celebrating selenaday in pcc! selenalaleyenda cocacola lifeatatt ,en
30,['1646951525980295173'],1646951525980295173,"this april, coca-cola and jack daniels will launch their rtd (ready to drink) cans in europe. 

remember, itâ€™s important to drink responsibly. 

keep reading: 

cocacolajackdaniels drinkresponsibly  mixitup jackdaniels_us  cocacola ",en
31,['1646951457646694401'],1646951457646694401,"magic can happen anywhere at any time. a recipe for magic just requires: good people, delicious food, and ice-cold cocacola.

read the full article here  ",en
33,['1646950200953413657'],1646950200953413657,"when it comes technical and operational learning, michael whatley is taking cocacola virtual-first. don't miss michael speaking about immersive training and development at augmentedenterprise oct 24-26  vr vrtraining ",en
35,['1646949936976494592'],1646949936976494592,"rt sscnapoli: the boys recharged their energy for this weekend. recharge yours too along with a good coca-cola &amp; pizza! ğŸ¥¤ğŸ•

fridayfeelingâ€¦",en
36,['1646949708584345600'],1646949708584345600,"rt funkopopsnews: kidrobot just launched their new classic coca-cola dunny figure, link below ~
linky ~ 
ad fpn â€¦",en
37,['1646949184967155720'],1646949184967155720,"rt sscnapoli: the boys recharged their energy for this weekend. recharge yours too along with a good coca-cola &amp; pizza! ğŸ¥¤ğŸ•

fridayfeelingâ€¦",en
39,['1646948049300627485'],1646948049300627485,rt dvcrypto8: yourcryptodj dogecola it will change my life and for the moment i have already changed from drinking cocacola  to drink â€¦,en
41,['1646947697465630733'],1646947697465630733,"itâ€™s selenaday at work! siento muy excited! ğŸ¤—ğŸ’œ cupcakes made by icakes (rachel perez), pizza &amp; cocacola! hroperations21 ",en
43,['1646946914686869532'],1646946914686869532,cocacolaracing hendrick9team cocacola chaseelliott ğŸ˜ğŸ˜ğŸ˜ğŸ‘ğŸ»ğŸ‘ğŸ»ğŸ‘ğŸ»ğŸğŸğŸ,en
44,['1646946420946276352'],1646946420946276352,"set of 3 commemorative coca cola glasses  via etsy

freeshipping on all items store wide    

coke cocacola cokecollectibles cocacolacollector glassware drinkware kitchenware kitchendecor etsyfinds etsyvintage",en
45,['1646946220168847388'],1646946220168847388,"rt sscnapoli: the boys recharged their energy for this weekend. recharge yours too along with a good coca-cola &amp; pizza! ğŸ¥¤ğŸ•

fridayfeelingâ€¦",en
46,['1646946092703969280'],1646946092703969280,"rt sscnapoli: the boys recharged their energy for this weekend. recharge yours too along with a good coca-cola &amp; pizza! ğŸ¥¤ğŸ•

fridayfeelingâ€¦",en
47,['1646946041155952644'],1646946041155952644,cocacolaracing hendrick9team cocacola chaseelliott just ordered 3,en
48,['1646945671239421953'],1646945671239421953,"rt sscnapoli: the boys recharged their energy for this weekend. recharge yours too along with a good coca-cola &amp; pizza! ğŸ¥¤ğŸ•

fridayfeelingâ€¦",en
49,['1646945067276587008'],1646945067276587008,"â€œone of the most iconic american brands was actually invented by someone who served in the military. unfortunately, they were fighting against a unified u.s. long ago, the man who went on to invent cocacola was actually a soldier for the confederacy.â€ vetbiz history foodie ",en
0,['1646944239820099585'],1646944239820099585,cocacola ms. michelle needs a sponsorship asap !! number 1 supporter of your brand in the south. ,en
1,['1646944209817968641'],1646944209817968641,"rt sscnapoli: the boys recharged their energy for this weekend. recharge yours too along with a good coca-cola &amp; pizza! ğŸ¥¤ğŸ•

fridayfeelingâ€¦",en
3,['1646943501609738253'],1646943501609738253,"rt christinaenaa: itâ€™s friday !!! any fun plans for today or maybe the weekend ?ğŸ˜»â¤ï¸ğŸ¥°

model cocacola â€¦",en
4,['1646943389135282178'],1646943389135282178,dear cocacola itâ€™s been several years now. why can you not get the lemon taste out of your product from these freestyle machines? work on it. ,en
5,['1646942442434834434'],1646942442434834434,cocacola itâ€™s the little things that make me happy,en
6,['1646942272494215173'],1646942272494215173,"rt sscnapoli: the boys recharged their energy for this weekend. recharge yours too along with a good coca-cola &amp; pizza! ğŸ¥¤ğŸ•

fridayfeelingâ€¦",en
7,['1646942102150848513'],1646942102150848513,"rt sscnapoli: the boys recharged their energy for this weekend. recharge yours too along with a good coca-cola &amp; pizza! ğŸ¥¤ğŸ•

fridayfeelingâ€¦",en
8,['1646940915116961792'],1646940915116961792,"rt en_sscnapoli: the boys recharged their energy for this weekend. recharge yours too along with a good coca-cola &amp; pizza! ğŸ¥¤ğŸ•

fridayfeelâ€¦",en
9,['1646940766550237193'],1646940766550237193,"rt en_sscnapoli: the boys recharged their energy for this weekend. recharge yours too along with a good coca-cola &amp; pizza! ğŸ¥¤ğŸ•

fridayfeelâ€¦",en
10,['1646940751702401051'],1646940751702401051,"rt sscnapoli: the boys recharged their energy for this weekend. recharge yours too along with a good coca-cola &amp; pizza! ğŸ¥¤ğŸ•

fridayfeelingâ€¦",en
11,['1646940274264883201'],1646940274264883201,"rt en_sscnapoli: the boys recharged their energy for this weekend. recharge yours too along with a good coca-cola &amp; pizza! ğŸ¥¤ğŸ•

fridayfeelâ€¦",en
12,['1646940135513006095'],1646940135513006095,"rt en_sscnapoli: the boys recharged their energy for this weekend. recharge yours too along with a good coca-cola &amp; pizza! ğŸ¥¤ğŸ•

fridayfeelâ€¦",en
13,['1646940059038359552'],1646940059038359552,"the boys recharged their energy for this weekend. recharge yours too along with a good coca-cola &amp; pizza! ğŸ¥¤ğŸ•

fridayfeeling realmagic cocacola cocacolait ",en
14,['1646939648235565058'],1646939648235565058,"rt sscnapoli: the boys recharged their energy for this weekend. recharge yours too along with a good coca-cola &amp; pizza! ğŸ¥¤ğŸ•

fridayfeelingâ€¦",en
15,['1646939568292110343'],1646939568292110343,"rt sscnapoli: the boys recharged their energy for this weekend. recharge yours too along with a good coca-cola &amp; pizza! ğŸ¥¤ğŸ•

fridayfeelingâ€¦",en
16,['1646939493843304448'],1646939493843304448,"rt sscnapoli: the boys recharged their energy for this weekend. recharge yours too along with a good coca-cola &amp; pizza! ğŸ¥¤ğŸ•

fridayfeelingâ€¦",en
17,['1646939345192984576'],1646939345192984576,cocacolaracing cocacola chaseelliott doesnâ€™t ship to canada ğŸ˜¢,en
18,['1646939161893412873'],1646939161893412873,"the boys recharged their energy for this weekend. recharge yours too along with a good coca-cola &amp; pizza! ğŸ¥¤ğŸ•

fridayfeeling realmagic cocacola cocacolait ",en
19,['1646937932715155456'],1646937932715155456,"rt christinaenaa: itâ€™s friday !!! any fun plans for today or maybe the weekend ?ğŸ˜»â¤ï¸ğŸ¥°

model cocacola â€¦",en
20,['1646937614547558412'],1646937614547558412,"rt christinaenaa: itâ€™s friday !!! any fun plans for today or maybe the weekend ?ğŸ˜»â¤ï¸ğŸ¥°

model cocacola â€¦",en
21,['1646937387505688588'],1646937387505688588,"rt christinaenaa: itâ€™s friday !!! any fun plans for today or maybe the weekend ?ğŸ˜»â¤ï¸ğŸ¥°

model cocacola â€¦",en
22,['1646937090062536705'],1646937090062536705,"rt christinaenaa: itâ€™s friday !!! any fun plans for today or maybe the weekend ?ğŸ˜»â¤ï¸ğŸ¥°

model cocacola â€¦",en
23,['1646935129271443466'],1646935129271443466,beachsnooker raysbaseball cocacola crownroyal missclareski tbraysrepublic tbraystwins raystwinlizzie 24_rays yeticoolers stevecarney tkras triciawhitaker a toast to many more victories!,en
24,['1646935019217190912'],1646935019217190912,cocacolaracing teamhendrick cocacola chaseelliott just ordered 3. can we get a chase elliott coca-cola diecast? or any coca-cola diecast?,en
25,['1646934563866972160'],1646934563866972160,"rt it_mergen: transform your business &amp; streamline your processes as coca-cola did with servicenow! with mergen, you can take the first sâ€¦",en
26,['1646934420396318728'],1646934420396318728,"rt christinaenaa: itâ€™s friday !!! any fun plans for today or maybe the weekend ?ğŸ˜»â¤ï¸ğŸ¥°

model cocacola â€¦",en
27,['1646933972692156417'],1646933972692156417,"rt naofura45: ğŸ¤­ğŸ˜‹ğŸ˜‹ adoro um hambÃºrguer ğŸ” ğŸ”ğŸ»ğŸ»ğŸ»ğŸ’¦

gainer gainers cocacolacreations cocacola chubbyfurry chubbymen chubbyboy
chubby_boâ€¦",en
28,['1646933409644662786'],1646933409644662786,"spursofficial noahsarkhospice spursstadium 22 years of absolute failure 
enough is enough 
levyout 
enicout
spursofficial
nike cinchuk hp getir_uk hsbc_uk ineos kumhotyreuk cocacola libertex_europe",en
29,['1646932928063053825'],1646932928063053825,"spursofficial 22 years of absolute failure 
enough is enough 
levyout 
enicout
spursofficial
nike cinchuk hp getir_uk hsbc_uk ineos kumhotyreuk cocacola libertex_europe",en
30,['1646932770999115776'],1646932770999115776,"spursofficial ysantiagoalonso 22 years of absolute failure 
enough is enough 
levyout 
enicout
spursofficial
nike cinchuk hp getir_uk hsbc_uk ineos kumhotyreuk cocacola libertex_europe",en
31,['1646932719614435339'],1646932719614435339,"spursofficial 22 years of absolute failure 
enough is enough 
levyout 
enicout
spursofficial
nike cinchuk hp getir_uk hsbc_uk ineos kumhotyreuk cocacola libertex_europe",en
32,['1646932058755719169'],1646932058755719169,"rt christinaenaa: itâ€™s friday !!! any fun plans for today or maybe the weekend ?ğŸ˜»â¤ï¸ğŸ¥°

model cocacola â€¦",en
34,['1646931050277527553'],1646931050277527553,"itâ€™s friday !!! any fun plans for today or maybe the weekend ?ğŸ˜»â¤ï¸ğŸ¥°

model cocacola ",en
35,['1646930034144464897'],1646930034144464897,"if thereâ€™s one thing mcdonalds needs to regulate at the corporate level, itâ€™s drink prices. fast food has become too expensive in general. taking away the now-iconic $1 cocacola robs the chain of one of its few remaining decent deals. mcdonaldscorp",en
37,['1646926837052760093'],1646926837052760093,"rt funkopopsnews: kidrobot just launched their new classic coca-cola dunny figure, link below ~
linky ~ 
ad fpn â€¦",en
38,['1646926122993750016'],1646926122993750016,cocacolaracing cocacola chaseelliott just ordered two!,en
39,['1646925947311112192'],1646925947311112192,cocacolaracing daniel_suarezg teamtrackhouse cocacola nascar ğŸ¥¤,en
40,['1646925696370106369'],1646925696370106369,"preorder now: coca-cola classic resin 8-inch dunny
cocacola foodies ad 

 ",en
41,['1646925180160073745'],1646925180160073745,"rt knotsimple: 1992 set of 2 coca cola green drinking glasses  via etsy

freeshipping on all items store wideâ€¦",en
42,['1646925030276620288'],1646925030276620288,"1992 set of 2 coca cola green drinking glasses  via etsy

freeshipping on all items store wide    

coke cocacola cokecollectibles cocacolacollector drinkware glassware kitchenware etsyfinds etsyvintage",en
43,['1646924523974070272'],1646924523974070272,rt analogmoe: cocacola johnjanthonyusa last year: ,en
45,['1646923327888572416'],1646923327888572416,"rt funkopopsnews: kidrobot just launched their new classic coca-cola dunny figure, link below ~
linky ~ 
ad fpn â€¦",en
46,['1646922564504018961'],1646922564504018961,"kidrobot just launched their new classic coca-cola dunny figure, link below ~
linky ~ 
ad fpn funkopopnews kidrobot dunny cola cocacola ",en
47,['1646921641304412160'],1646921641304412160,"opindia_com fittuber did this before what happened to him, bournvita is just sugar, its worse than cocacola and pepsi",en
49,['1646919585155940353'],1646919585155940353,"lynchburg meets atlanta in new ""jack &amp; coke"" jackdaniels_us whiskey x cocacola rtd premium cocktail. ",en
0,['1646917989638492165'],1646917989638492165,"selfmintedman bns_dao stacks trygamma cocacola redbull pepsi flokiceo, elon musk's best meme token ( twitter + doge ). a decentralized cryptocurrency, with instant rewards for holders.
ca: 0x45289007706e7ee7b42b1fa506661d97740edfb4
âœ…listing consbit bkex shidodex azbit mexc lbank bbdoge cointiger bitmart
ğŸ–¥",en
3,['1646912242812608518'],1646912242812608518,nicotinexfiend brixtonmfg cocacola how else am i supposed to get bitches ??,en
4,['1646911083808972804'],1646911083808972804,cocacola_gb cocacola please never change your original recipe coke like pepsi who have got rid of the sugar and made it taste like 23p asda cola ğŸ˜­ğŸ˜­,en
5,['1646910498401574912'],1646910498401574912,cocacolaracing cocacola chaseelliott extra: why is rent so expensive?!,en
6,['1646909833801605120'],1646909833801605120,cocacolaracing cocacola chaseelliott me who has to save all the money for rent ,en
7,['1646909553462657027'],1646909553462657027,"Â¡together and united, vs the coronavirus covid19 to the end! ğŸ˜‰ğŸ‘

theacademy

oscars

soft drink cocacola the great flavor, for, the hot season

Â¡lights, camera and action! ğŸ¿

ğŸ¬â­",en
8,['1646909549289283587'],1646909549289283587,"theacademy cocacola my prediction, for ""best animated feature film"" for the oscars, of the next year 2024: ğŸ¬â­

1. ""the super mario bros movie"" ğŸ®

2. ""spider-man 2: across the spider-verse""

3. ""elemental""

4. ""wish""

and

5. ""trolls 3: band together"" ğŸµ

is a prediction ",en
11,['1646907467421433861'],1646907467421433861,1000 only! âœ¨introducing the kidrobot x coca-cola classic dunny art figureâœ¨ a refreshing new collaboration is here! pre-order now:  cocacola ,en
13,['1646905640617488386'],1646905640617488386,"shirt is just as good as i expected it to be. 

brixtonmfg x cocacola ğŸ¤© ",en
15,['1646904348822192128'],1646904348822192128,cocacolaracing daniel_suarezg teamtrackhouse cocacola nascar not one coke driver is signing in martinsville.why.,en
16,['1646900710154588161'],1646900710154588161,rt chijoe0823: cocacola  hongkong å§œæ¿¤ nosuger keungto keungshow keung_show ,en
17,['1646900302417735687'],1646900302417735687,"rt cokepk: it's all about mitti da maan this worldcup! 
magictogether cocacola wc22

",en
19,['1646899391809323008'],1646899391809323008,cocacolaracing cocacola daniel_suarezg thank you i needed this one,en
20,['1646898836017758209'],1646898836017758209,"the perfect duo has arrived. jack daniel's and coke is available now at moreno's liquors!

whiskey cocacola cocktail chicago lavillita littlevillage thewindicity liquorstore chicagoliquorstore weekend friday ",en
22,['1646897374546079744'],1646897374546079744,"itâ€™s because of the support of these awards gala sponsors that street law is able to empower young people to transform their world through civic and law-related education.

thank you, cocacola, cooleyllp, covingtonllp, dla_piper, and dxctechnology!

slawards2023 ",en
24,['1646894314033926144'],1646894314033926144,miche22e cocacola worldofcocacola è½åˆ°æŠŠè²éƒ½é–‹å¿ƒkeung to cocacola,en
25,['1646891878258814978'],1646891878258814978,the cocacola powerade aotw is hhs_baseball1  senior and university of alabama signee cole mizell. over the last 2 weeks mizell has gone 23 of 44 at the plate with 11hr and 29rbi. the tigers have won 7-10 during that stretch. congrats cole! ,en
27,['1646891074261065728'],1646891074261065728,"see what happens when the whole universe comes together in real magic ways to help a boy in need of uplift and a little inspiration. the cocacola ad is a must watch ğŸ’¯

e4m viralads advertising marketing ",en
28,['1646889494963015680'],1646889494963015680,cocacolaracing cocacola chaseelliott a must have. ordered.,en
29,['1646889381465296896'],1646889381465296896,"""evolutionarily â€” we have learned to value scarce things. marketers know we are hardwired that way.""

from peeps pepsi to cocacola move - julio sevilla, assoc. prof. of marketing at uga, breaks down the strategy behind special-edition sodas &amp; snacks!

 ",en
30,['1646889082650238977'],1646889082650238977,cocacolaracing teamhendrick cocacola chaseelliott ordered one. ğŸ™ƒ,en
31,['1646888999733334016'],1646888999733334016,"catch the latest style wave in aerococacola wearaero cocacola 

 ",en
32,['1646888584736063489'],1646888584736063489,cocacolaracing cocacola chaseelliott ordered mine,en
34,['1646887008718172160'],1646887008718172160,cocacolaracing cocacola chaseelliott add another 9 please and all take one. daniel_suarezg  ğŸ’ª,en
35,['1646886922621685766'],1646886922621685766,dennydagoat cocacolaracing diamondmoderat1 cocacola chaseelliott ,en
36,['1646886156800327681'],1646886156800327681,cocacolaracing diamondmoderat1 cocacola chaseelliott gimme denny hamlin bottle and i purchase,en
37,['1646885481681149953'],1646885481681149953,"spursofficial 22 years of absolute failure 
enough is enough 
levyout 
enicout
spursofficial
nike cinchuk hp getir_uk hsbc_uk ineos kumhotyreuk cocacola libertex_europe",en
38,['1646885426831998976'],1646885426831998976,"spursofficial 22 years of absolute failure 
enough is enough 
levyout 
enicout
spursofficial
nike cinchuk hp getir_uk hsbc_uk ineos kumhotyreuk cocacola libertex_europe",en
39,['1646885377544732676'],1646885377544732676,"spursofficial 22 years of absolute failure 
enough is enough 
levyout 
enicout
spursofficial
nike cinchuk hp getir_uk hsbc_uk ineos kumhotyreuk cocacola libertex_europe",en
41,['1646884186010054656'],1646884186010054656,the happy dance when you win a full year of food thanks to cocacola ğŸ”¥ğŸ”¥ğŸ™ŒğŸ¾ğŸ™ŒğŸ¾ğŸ™ŒğŸ¾ recipeformagic kevin here is our winner! ğŸ™ŒğŸ¾ğŸ™ŒğŸ¾ mimi naotea unga paketi moja tu ğŸ¤£ğŸ˜‚ğŸ˜‚ğŸ˜‚ nrgtransit nrgradiokenya ,en
42,['1646884165432868866'],1646884165432868866,it's a recipe for magic when you enjoy your favorite meal with a coke. cokewithmeals magic cocacola ,en
43,['1646883748812673026'],1646883748812673026,"letâ€™s raise a cocacola to chaseelliottâ€™s return to the track! ğŸ¥¤ğŸ¥¤ 

purchase this exclusive no. 9 bottle before itâ€™s gone!",en
45,['1646881013547810816'],1646881013547810816,"fabletics good because in addition to giving up cocacola (lost 5 lbs), switching to better chocolate than hershey and now tossing out my nike sports bra i think i'll try one that is for real boobs.",en
47,['1646879503686180864'],1646879503686180864,raineyballs spursofficial nike cinchuk hp getir_uk hsbc_uk ineos kumhotyreuk cocacola libertex_europe pick your tweets mate.,en
48,['1646878854454157314'],1646878854454157314,"rt pkplayerone: cocacola hey cocacola 

did you see this great deal at amctheatres? for $5 you get a cokezero &amp; amc popcorn. 

so manâ€¦",en
49,['1646878842739458048'],1646878842739458048,pkplayerone cocacola amctheatres cokezero cool stuff!,en
2,['1646874114664038404'],1646874114664038404,"coca-cola canada bottling is acquiring six volvo vnr electric trucks as part of a pilot program to service customer delivery routes in the greater montreal area. electricvehicles logistics emissions cocacola supplychain
",en
3,['1646872566676463618'],1646872566676463618,rt pangaea_x_: coca-cola launched 'create real magic' to empower people to create art using coca-cola visual assets. they partnered with fâ€¦,en
4,['1646871835575975936'],1646871835575975936,"rt fusionwk: close-up of cocacola wayangkulit shadowpuppet character, created for aurum theatre (gsc) raya campaign

yes, he is holdiâ€¦",en
7,['1646869188563066880'],1646869188563066880,"it would be a dream come true to meet you in person, keungto! 
å§œæ¿¤ cocacola hk worldofcocacola 
ğŸ‡­ğŸ‡°candies keep trying your luck! you can be the lucky one!!
 ",en
8,['1646868158274232322'],1646868158274232322,"â€œwith the help of technology &amp; digital data, we can listen to consumers expressing their needs when unprompted. this allows us to identify white spaces, get inspiration &amp; improve consumer targetingâ€ michele morena, digital insights mk mngr europe cocacola
",en
10,['1646865440352661507'],1646865440352661507,0xmubeen okaybears we need cocacola,en
14,['1646863682972839936'],1646863682972839936,rt philipshal88581: decided to do another voice over advert today on coca cola without voice editing. how do you see it. please retweet thâ€¦,en
15,['1646863524847550466'],1646863524847550466,"rt pkplayerone: cocacola hey cocacola 

did you see this great deal at amctheatres? for $5 you get a cokezero &amp; amc popcorn. 

so manâ€¦",en
17,['1646863207582121984'],1646863207582121984,decided to do another voice over advert today on coca cola without voice editing. how do you see it. please retweet this videoğŸ‘‡ğŸ¼ advertising voiceartist actor  entertainment voice cocacola voiceovertalent narration ,en
18,['1646863178125516808'],1646863178125516808,"cocacola hey cocacola 

did you see this great deal at amctheatres? for $5 you get a cokezero &amp; amc popcorn. 

so many blockbuster hits coming out in 2023, this deal hits the spotâ€¼ï¸ğŸ˜‹ ğŸ¥¤ğŸ¿

fastx
guardiansofthegalaxy 
indianajones 
flash 
missionimpossible 

amcgorillaz ",en
19,['1646861062149488641'],1646861062149488641,"meta platforms has achieved global saturation and failed to ignite growth through the metaverse. but it might actually boost the stock price by following coca-cola's lead. 



stocks investing meta cocacola",en
23,['1646857301549273088'],1646857301549273088,"rt praiya_131: thanks cocacola 
rollingloudthailand2023 coke cocacola  cokestudio ",en
24,['1646856327459905544'],1646856327459905544,"yesterday's sportscallau podcast presented by cocacola!!!

ryanlavoie0 and realbrooksc discuss the latest headlines and give their personal looks at what the sec football schedule could be.

",en
28,['1646850790928310274'],1646850790928310274,"1992 coca cola glass straw dispenser  via etsy

add a touch of nostalgia to your counter or table top with this 2 piece dispenser.    

coke cocacola cokecollectibles cocacolacollector strawdispenser etsyfinds etsyvintage kitchenware kitchendecor",en
29,['1646849798589362185'],1646849798589362185,eliultramotive cocacolaracing teamhendrick chaseelliott hendrick9team cocacola nascar coca-cola drinker?,en
30,['1646848274794422274'],1646848274794422274,"vintage german coca-cola bottle opener  via etsy

freeshipping on all items store wide    

coke cocacola cokecollectible cocacolacollector bottleopener etsyfinds etsyvintage barwar kitchenware",en
31,['1646848155978194945'],1646848155978194945,"rt matthiasvialon: annikajoeres krusekopfd mit ""wasserpaketen""....von nestlepurelife evian volvic cocacola und co....es ist absurd",en
32,['1646846191894667264'],1646846191894667264,"cool 1980's vintage huffy cocacola promotional  bike.  i would never have ridden this as a kid in the 80's because it was dorky, but now i would ride this and love it. ",en
33,['1646846121191305216'],1646846121191305216,"illuminate your home or office with this rare and exquisite coca-cola porcelain bead hanging lamp - a unique and iconic addition to any collection!

shop now


cocacola coke pepsi food love s fanta cola instagram vintage drink soda o drinks ",en
34,['1646845968959012864'],1646845968959012864,coca-cola launched 'create real magic' to empower people to create art using coca-cola visual assets. they partnered with four global ai artists who created custom art using coca-cola imagery and openai technology. cocacola createrealmagic ai pangaeax xmarksthespot openai ,en
35,['1646845761961771011'],1646845761961771011,"shareholders are asking cocacola to report on the potential risks and costs of restrictive state reproductive rights policies on its business.

coca-cola recommends voting against this proposal...

if you own already shares of coca-cola, you too can vote on this resolution. ",en
37,['1646841571382272001'],1646841571382272001,fsgout fsgoutnow lfc nike kingjames cocacola expedia wasabi_uk vistaprint kodansha_jp easports sorare mauritiustourism monsterenergy niveauk petrocanada quornfoods thinkmarkets_en cadburyuk interwetten joei cardless alexbank axa stanchart ,en
39,['1646840094148661249'],1646840094148661249,limited edition coca-cola ğŸ food cocacola quebec drink  via youtube,en
47,['1646827225025527808'],1646827225025527808,"did you know?
funfacts didyouknow cocacola ",en
48,['1646823242320039936'],1646823242320039936,day 119 tweeting cocacola sprite  kingjames to bring back lebronâ€™s mix.,en
0,['1646821746991943680'],1646821746991943680,"top forbidden places (part 1) top prohibited places earth cocacola secretformula vault 
this video is based on online articles and/or internet searches. info listed may be out of date or incorrect. ",en
3,['1646815304469696513'],1646815304469696513,cocacola ook trouwens ğŸ˜œğŸ˜³ ,en
4,['1646814993445269505'],1646814993445269505,"enjoy an iconic classic bar rtd cocktail, with the new jack daniel's cocacola cans ğŸ˜.

over 18s only. please drink responsibly.

with thanks cocacolaep.

zerosugar jackdaniels tennesseewhiskey drinks wholesaler wholesale confex buyinggroup ",en
5,['1646814599390306308'],1646814599390306308,"cocacolaracing teamhendrick chaseelliott hendrick9team cocacola nascar no.1 has got to be;decision, what a poor decision to go snowboarding during the nascar season!",en
7,['1646812126370050049'],1646812126370050049,"rt dukascopy_tv: a new video on how globalization has failed. inequality, nationalism, and the environment are all in this new release byâ€¦",en
9,['1646810980524105730'],1646810980524105730,cocacola levers keep breaking. ğŸ˜­ ,en
12,['1646803748558352385'],1646803748558352385,"thanks cocacola 
rollingloudthailand2023 coke cocacola  cokestudio ",en
13,['1646803664647110656'],1646803664647110656,"late lunch time today.
sandwiches and coca-cola.
subway cocacola ã‚µãƒ–ã‚¦ã‚§ã‚¤å½“ãŸã£ãŸã‚ˆ ",en
14,['1646800777988521984'],1646800777988521984,"tottenham_feed the fans who fill it 

22 years of absolute failure 
enough is enough 
levyout 
enicout
spursofficial
nike cinchuk hp getir_uk hsbc_uk ineos kumhotyreuk cocacola libertex_europe",en
15,['1646800008371486722'],1646800008371486722,coca cola was originally green. cocacola,en
20,['1646791261683154945'],1646791261683154945,"let's talk about why less is more in design! ğŸ‘€

design  minimalism  lessismore simplicity apple  nike  cocacola  logodesigns  webdesign  productdesign graphicdesign  marketing  digitalmarketing  branding  entrepreneurship  startups ",en
23,['1646788547247222790'],1646788547247222790,rt tntimesdrive: if you know these hacks your repair costs for cars will plummet like a comet plummet down to earth. donâ€™t believe us? cheâ€¦,en
24,['1646788138789126144'],1646788138789126144,"2âƒ£ f&amp;b

tacobell 
burgerking 
starbucks 
mcdonalds 
pizzahut 
freedbakery
papajohns 
quiznos
cocacola 
bacardi 
budweiserusa 
glenfiddichsmw 
hennessy 
dictador
dalmorewhisky 
hellofamwines 
yerb ",en
26,['1646787025528299520'],1646787025528299520,"spurs_india 22 years of absolute failure 
enough is enough 
levyout 
enicout
spursofficial
nike cinchuk hp getir_uk hsbc_uk ineos kumhotyreuk cocacola libertex_europe",en
27,['1646786741313970176'],1646786741313970176,"mistakes happen ğŸ˜±
dance it offğŸ’ƒğŸ»
cocacola dance
â¬‡ï¸ tap here â¬‡ï¸

likeâ–ªï¸shareâ–ªï¸comment",en
29,['1646783450064764928'],1646783450064764928,"twitter advertising business seen facing slow recovery

mondelez international, unilever and cocacola are no longer even in the top 50 advertisers in the past two months, as per latest data from sensor tower.

elonmusk",en
30,['1646781863367962625'],1646781863367962625,"if you know these hacks your repair costs for cars will plummet like a comet plummet down to earth. donâ€™t believe us? check it out for yourself!
carhacks cars cocacola pepsodent carfeatures carnews

",en
32,['1646778817061736449'],1646778817061736449,"are you tired of the red appearance of coca-cola, which may associate with sugar, obesity, and commercialism? imagine the packaging of coca-cola in the future! cocacola midjourney packaging ",en
33,['1646777996421005312'],1646777996421005312,"i came across this robot at least 5 times in 10 mins.quite a creative marketing strategy. 
notchittitherobo cocacola robomarketing ",en
34,['1646777809912856576'],1646777809912856576,"coca cola cafe bowl  via etsy
 
freeshipping on all items store wide    

coke cocacola cokecollectibles cocacolacollector bowl servingbowl kitchenware kitchendecor dish etsyfinds etsyvintage",en
37,['1646773992374583297'],1646773992374583297,"coca-cola to empower 20,000 african women

read more here:ğŸ‘‡ğŸ¾ 

cocacola

women empowerment kenya africa agriculture environment entrepreneur training news online newspaper friday ",en
38,['1646773974200713216'],1646773974200713216,having another bottle of cocacola ,en
39,['1646773906492014592'],1646773906492014592,"stevenlfeldman cocacola miamibeachnews mbrisingabove i hope you wash it well between uses. try paper straws, much better.",en
40,['1646772484144877569'],1646772484144877569,"rt hkt48_mimimi: newjeans cocacola cf

newjeans_zero ë‰´ì§„ìŠ¤
ì½”ì¹´ì½œë¼ cocacola ",en
41,['1646771261484437505'],1646771261484437505,"rt fusionwk: close-up of cocacola wayangkulit shadowpuppet character, created for aurum theatre (gsc) raya campaign

yes, he is holdiâ€¦",en
43,['1646769041879494657'],1646769041879494657,"what buzz has to do with iconic tv commercials for cocacola, apple, mcdonalds and more. we review emanuelrosenâ€™s theanatomyofbuzzrevisited:  marketing wordofmouth wordofmouthmarketing advertising",en
44,['1646769002532986882'],1646769002532986882,rt chijoe0823: cocacola  hongkong å§œæ¿¤ nosuger keungto keungshow keung_show ,en
46,['1646766961312018432'],1646766961312018432,"rt only99money: i love theparlourkr cherrycoke ğŸ’ğŸ¥¤

cocacola ",en
48,['1646763792561233921'],1646763792561233921,having some chips and cocacola for snack ,en
0,['1646758865881497606'],1646758865881497606,selfmintedman bns_dao stacks trygamma cocacola redbull pepsi bitcoin âš¡â›“ï¸ğŸ¹ btc,en
1,['1646758807060480001'],1646758807060480001,"theislandofmis1 

misfit snacks | ranch dressing soda
rich, creamy . . . soda?!

soda drinks drink food cocacola pop fanta pepsi foodie cola coke exoticpop exoticsoda

 ",en
2,['1646756877479596032'],1646756877479596032,"rt fusionwk: close-up of cocacola wayangkulit shadowpuppet character, created for aurum theatre (gsc) raya campaign

yes, he is holdiâ€¦",en
3,['1646755280489951232'],1646755280489951232,"rt fusionwk: close-up of cocacola wayangkulit shadowpuppet character, created for aurum theatre (gsc) raya campaign

yes, he is holdiâ€¦",en
5,['1646754481747681281'],1646754481747681281,"close-up of cocacola wayangkulit shadowpuppet character, created for aurum theatre (gsc) raya campaign

yes, he is holding a bottle of cocacola, one of two items you canâ€™t miss when watching movie. ",en
6,['1646754091350245376'],1646754091350245376,"close-up of cocacola wayangkulit shadowpuppet character, created for aurum theatre (gsc) raya campaign

yes, he is holding a bottle of cocacola , one of two items you canâ€™t miss when watching movie. ",en
10,['1646748497016942594'],1646748497016942594,"rt newjeansbrands: [article] the first time in 14 years since a cm song hit 1 on real-time charts. newjeans â€˜zeroâ€™ was a success!

â€” theâ€¦",en
11,['1646745310939455489'],1646745310939455489,"rt tablitachan5: coca cola girl(?ğŸ’•
cocacola digitalart art artist myartwork ",en
12,['1646743765972058113'],1646743765972058113,"rt yoshikiofficial: é£²ã‚“ã ï¼Ÿ
have you tried this?

yoshiki 


yoshikiã€â€œãƒªã‚¢ãƒ«ã‚´ãƒ¼ãƒ«ãƒ‰ x/yâ€ã®åˆè¨ˆå‡ºè·æœ¬æ•°ãŒ2,900ä¸‡æœ¬ã‚’çªç ´!

yoshiki's ""reaâ€¦",en
13,['1646743718203117570'],1646743718203117570,"rt yoshikiofficial: thanx for enjoying realgoldxy !
ã‚ã‚ŠãŒã¨ã†ğŸ˜›

yoshiki 



yoshikiã€â€œãƒªã‚¢ãƒ«ã‚´ãƒ¼ãƒ«ãƒ‰ x/yâ€ã®åˆè¨ˆå‡ºè·æœ¬æ•°ãŒ2,900ä¸‡æœ¬ã‚’çªç ´!â€¦",en
15,['1646740779224772608'],1646740779224772608,islesgt nyislanders cocacola sjsharksgaming fisher81_ mcfleurynhl gabseh1 regs_84 grimnhl rwbnhl scheckel29nhl d7cohen ny_george61 islanders vs carolina.  the canes are just 9 wins and 9 losses since andrei svechnikov got injured.  he is out for the playoffs.  they are ripe for the picking.   islanders in 6.,en
16,['1646740186187923457'],1646740186187923457,wildrift cocacola ,en
18,['1646735128801030144'],1646735128801030144,vanny_tom barakasaimon3 happie_thom mcinikawalamar gilbertpaul95 profarmher cocacola batho_shukran balozinm balozimbeya follow back,en
20,['1646732942071283714'],1646732942071283714,themedicalleag1 ogwangogwang kabajjaali athletickampala theumaofficial pepsi cocacola widespectrumug mtnug airtel_ug hillwaterltd ntvuganda bbstvug ubctvuganda urbantvuganda nbstv 892cbsfm allandarren asou_official orthosocietyug umaofficial we shall be there drlubegarobert kiruddunrh nsambyahospital joseadr87760928 stuartnuwagaba ugandaphysician kkananura ug_kidneyf theumaofficial rkalyes1 nssfug mikemunialo mkainerugaba,en
21,['1646729746078896129'],1646729746078896129,"yes, my new album is called revenge body audio and you heard it from me.  there are no more tears to shed, only haters to shred.  cocacola hotboysummer ",en
22,['1646726147999424512'],1646726147999424512,wesley_kibande cocacola,en
24,['1646721650077974529'],1646721650077974529,"""star wars: episode ix, the rise of skywalker"" of the year (2019)

the return of the emperor palpatine

and

the final battle of exegol 

Â¡nominated of 3 oscars!

sponsored by:
soft drink cocacola the great flavor, for, the hot season

ğŸ¬â­ ",en
25,['1646721626455539712'],1646721626455539712,"Â¡together and united, vs the coronavirus covid19 to the end! ğŸ˜‰ğŸ‘

Â¡may the force, is be with you, always! 

starwars

Â¡46th anniversary! ğŸ‚ğŸ°ğŸ‰

(1977-2023)

disney

lucasfilmltd

starwars

disney

lucasfilm

theacademy

cocacola

oscarsâ€¯â€¯â€¯â€¯â€¯â€¯â€¯â€¯â€¯

ğŸ¬â­",en
26,['1646720167022325762'],1646720167022325762,"rt ashanafinesse: body like a coca cola bottle ğŸ˜ ...but all i had was the one in tins. sorry ğŸ™„ğŸ˜‚ 

saturdayvibes stayinside cocacola caâ€¦",en
27,['1646719232145604611'],1646719232145604611,cocacola sprite when yâ€™all gonna give glotheofficial a commercial folk???!?!!!? just asking for a homie and myself â¤ï¸ğŸ’šâ¤ï¸ğŸ’š,en
29,['1646717820732940290'],1646717820732940290,coke vs pepsi vs campa. a fierce battle is underway. will the mncs continue the strong momentum? or can reliance pull off a jio in colas? tune in to etmorningbriefpodcast cocacolaâ© â¦pepsiindiaâ© â¦flameoftruthâ© â¦economictimesâ©  ,en
30,['1646715537555111936'],1646715537555111936,anamputeeabroad cocacola drpepper or at the very least send me a coupon for a free 20-ounce dr. pepper zero ğŸ˜‚ğŸ‘ğŸ¤˜,en
31,['1646715454545616901'],1646715454545616901,pawelsadej glasnostgone boycott the sponsors. visa cocacola omegawatches airbnb,en
32,['1646715213398327297'],1646715213398327297,anamputeeabroad cocacola who wants a harrier jet anyway? methinks the drpepper marketing team should come outta nowhere and give the one finger texas salute to both coke and pepsi &amp; buy the dude the millenium freakinâ€™ falcon. now thatâ€™s cutthroat marketing!,en
35,['1646710184058781698'],1646710184058781698,islesgt nyislanders cocacola sjsharksgaming fisher81_ mcfleurynhl gabseh1 regs_84 grimnhl rwbnhl scheckel29nhl d7cohen ny_george61 time to run it back ğŸ¤,en
36,['1646708232449327104'],1646708232449327104,islesgt nyislanders cocacola sjsharksgaming fisher81_ mcfleurynhl gabseh1 regs_84 grimnhl rwbnhl scheckel29nhl d7cohen ny_george61 ğŸ«¡,en
37,['1646706731903221760'],1646706731903221760,regs_84 islesgt nyislanders cocacola sjsharksgaming fisher81_ mcfleurynhl gabseh1 grimnhl rwbnhl d7cohen ny_george61 ,en
38,['1646706587430539266'],1646706587430539266,regs_84 islesgt nyislanders cocacola sjsharksgaming fisher81_ mcfleurynhl gabseh1 grimnhl rwbnhl scheckel29nhl d7cohen ,en
39,['1646706271893028865'],1646706271893028865,islesgt nyislanders cocacola sjsharksgaming fisher81_ mcfleurynhl gabseh1 grimnhl rwbnhl scheckel29nhl d7cohen ny_george61 i must of been in the ocean on my floatie ,en
40,['1646705860633034753'],1646705860633034753,"pack your bags... we're going to san jose ğŸ®ğŸ†

catch the pacificcup finals live from san jose on april 29thâ˜€ï¸

nyislanders i cocacola ",en
42,['1646704829081821186'],1646704829081821186,"coca-cola thirst takes wings coffee mug  via etsy

freeshipping on all items store wide    

coke cocacola cokecollectibles cocacolacollector mug coffeemug coffeecup drinkware etsyfinds etsyvintage",en
44,['1646701671538622464'],1646701671538622464,"rt yoshikiofficial: thanx!

yoshiki


cocacola x yoshiki 
ãƒªã‚¢ãƒ«ã‚´ãƒ¼ãƒ«ãƒ‰xy realgoldxy ",en
47,['1646701428365225984'],1646701428365225984,ryanostrander_8 cocacola great selection,en
48,['1646701143433662464'],1646701143433662464,"happy world kiss day laganjaestranja ğŸ’‹ğŸ©· grease
paramountplusâ€¯â€¯â€¯  riseofthepinkladies newepisodealert happyholiblaze worldkissday pinkladies pinklady makeuptutorial cherry lipbalm kiss makeup congratulations gaga vaselina motomami limitededition cocacola  ",en
0,['1646697167334129664'],1646697167334129664,cocacolaracing chaseelliott teamhendrick hendrick9team cocacola nascar ,en
1,['1646696479141109760'],1646696479141109760,rt wildfortoys: best crocs ever!  so excited to wear these everywhere! ğŸ˜‰ coke cocacola crocs wildfortoys ,en
2,['1646696083022663680'],1646696083022663680,which coke flavor is the flavor of your soul? -  - losangle bar cocacola cream cute daily diet fizzydrinks food funny life personality personalityquiz quiz quizzes retro stereotypes style,en
3,['1646695106534330371'],1646695106534330371,"rt keungshowusa: cocacola hk x keungto new ad! 
youtube 15 seconds version:



cokezero worldofcocacola https:â€¦",en
4,['1646695082958143488'],1646695082958143488,"rt keungshowusa: cocacola hk x keungto new ad! 
youtube 30 seconds version:



cokezero worldofcocacola https:â€¦",en
5,['1646693937464201216'],1646693937464201216,rush limbaugh - new coke: the most memorable marketing blunder ever?  via jlaforums newcoke cocacola,en
6,['1646692966277214208'],1646692966277214208,rickylcarter cocacolaracing teamhendrick chaseelliott hendrick9team cocacola nascar no itâ€™s just bulldogs ,en
8,['1646682099926151168'],1646682099926151168,"rt knotsimple: vintage coke polar bear skating ornament  via etsy 

freeshipping on all items store wide    

coâ€¦",en
9,['1646682014223933446'],1646682014223933446,"rt knotsimple: vintage coke polar bear skating ornament  via etsy 

freeshipping on all items store wide    

coâ€¦",en
10,['1646679403512971267'],1646679403512971267,bettykoulos cocacolaracing teamhendrick chaseelliott hendrick9team cocacola nascar one of his many talents ğŸ˜‚,en
11,['1646676584294752263'],1646676584294752263,a little toast to raysbaseball for 13 straight wins in a row to start the season! a little cocacola and crownroyal for a nightcap ğŸ¥ƒğŸ’ªğŸ»ğŸ˜ƒâ¤ï¸âš¾ï¸ğŸ‘ğŸ» raysup rayswin missclareski tbraysrepublic tbraystwins raystwinlizzie 24_rays yeticoolers stevecarney tkras triciawhitaker ,en
12,['1646675970546343939'],1646675970546343939,"rt knotsimple: 1992 set of 2 coca cola green drinking glasses  via etsy

freeshipping on all items store wideâ€¦",en
13,['1646674678033915909'],1646674678033915909,the cocacola  company developed and tested a vending machine in the late 1990s that could automatically increase the price for beverages during hot weather conditions.,en
16,['1646670914942115840'],1646670914942115840,"rt knotsimple: coca cola cafe bowl  via etsy

freeshipping on all items store wide  

coke cocacola cokecollecâ€¦",en
17,['1646669620647022592'],1646669620647022592,"vintage coke polar bear skating ornament  via etsy 

freeshipping on all items store wide    

coke cocacola cokecollectibles cocacolacollector polarbear ornament iceskating etsyfinds etsyvintage",en
18,['1646669425519521793'],1646669425519521793,"rt knotsimple: vintage coke polar bear skating ornament  via etsy

freeshipping on all items store wide  

cokeâ€¦",en
19,['1646669248087965697'],1646669248087965697,"rt knotsimple: 1997 coca cola checkerboard serving bowl  via etsy

the checkerboard design was discontinued by gibâ€¦",en
20,['1646669234330558464'],1646669234330558464,"coca-cola has introduced a new global brand campaign and platform, a recipe for magic, celebrating â€œthe magic of shared mealsâ€ and â€œthe...
cocacola globalbrand campaign magic mealspo 
ğŸ‘‡ğŸ‘‡
",en
21,['1646668659954155520'],1646668659954155520,paulkatende7 gyaigyimii conradjvn seshnee7 volticmineral so was zubaidah_x! ownyourrichness volticmineral cocacolabevug cocacola cocacolaafrica ,en
22,['1646667168937852929'],1646667168937852929,cocacola are you discontinuing aha fuji apple? please say no cause i canâ€™t find it anywhere,en
23,['1646666598487404549'],1646666598487404549,"rt pamdi_03: fresh girl ğŸ¥¤

.
.
.
.
.
.
.
.

artists artistsoninstagram artworks poster designjobs cocacola drawings drawing digitâ€¦",en
25,['1646664324847636481'],1646664324847636481,"thirsty time to go to a c-store, grocery store, or restaurant beverage cocacola pepsico starbucks dunkin coffee grocery grocerant delivery restaurant foodservice conveniencestore grocerantguru vodka  ",en
27,['1646663459398995968'],1646663459398995968,my favorite cocacola flavor ğŸ˜‹ cherrycoke ,en
28,['1646662467030745093'],1646662467030745093,rt wildfortoys: best crocs ever!  so excited to wear these everywhere! ğŸ˜‰ coke cocacola crocs wildfortoys ,en
29,['1646662330472624128'],1646662330472624128,"rt knotsimple: set of 3 commemorative coca cola glasses  via etsy

freeshipping on all items store wide  

cokeâ€¦",en
30,['1646660465014243328'],1646660465014243328,"46thâ€¼ï¸ğŸ‡ºğŸ‡¸ joebiden 

cocacola
madeinusa
coke  ",en
31,['1646660328296443905'],1646660328296443905,"cocacolaracing chaseelliott teamhendrick hendrick9team cocacola nascar champion, hendrick,legacy,popular,georgia,pilot,bulldog,son,siren ",en
32,['1646659597351124992'],1646659597351124992,rt wildfortoys: best crocs ever!  so excited to wear these everywhere! ğŸ˜‰ coke cocacola crocs wildfortoys ,en
36,['1646656826170130438'],1646656826170130438,blesyn317226982 thevoice_ngr cocacola airtelnigeria firstbankngr zaroncosmetics leadwayinsure jacmotorsglobal â¤â¤,en
37,['1646656298690179072'],1646656298690179072,cocacolaracing chaseelliott teamhendrick hendrick9team cocacola nascar how about ski?,en
38,['1646655343382999042'],1646655343382999042,"today's sportscallau podcast presented by cocacola!!!

ryanlavoie0 and realbrooksc discuss the latest headlines and give their personal looks at what the sec football schedule could be.

",en
39,['1646653593972269058'],1646653593972269058,rt wildfortoys: best crocs ever!  so excited to wear these everywhere! ğŸ˜‰ coke cocacola crocs wildfortoys ,en
40,['1646652654653698049'],1646652654653698049,"rt knotsimple: 1992 coca cola glass straw dispenser  via etsy

add a touch of nostalgia to your counter or table tâ€¦",en
41,['1646652375048790021'],1646652375048790021,"rt knotsimple: vintage german coca-cola bottle opener  via etsy

freeshipping on all items store wide  

coke câ€¦",en
42,['1646651362417995776'],1646651362417995776,rt wildfortoys: best crocs ever!  so excited to wear these everywhere! ğŸ˜‰ coke cocacola crocs wildfortoys ,en
43,['1646651157123829760'],1646651157123829760,rt wildfortoys: best crocs ever!  so excited to wear these everywhere! ğŸ˜‰ coke cocacola crocs wildfortoys ,en
44,['1646651058955907072'],1646651058955907072,best crocs ever!  so excited to wear these everywhere! ğŸ˜‰ coke cocacola crocs wildfortoys ,en
45,['1646650364840607745'],1646650364840607745,"youtube i'm just drinking some cocacola while playing fortnitegame, so i'm actually fine :) but thanks for the reminder anyways! :)",en
48,['1646649213999251456'],1646649213999251456,rt chijoe0823: cocacola  hongkong å§œæ¿¤ nosuger keungto keungshow keung_show ,en
1,['1646646457926033409'],1646646457926033409,"rt newjeans_usa: ğŸ“º [cocacola] newjeans x coca-cola zero, making film revealed

ğŸ”— 
newjeans ë‰´ì§„ìŠ¤ newjeans_ador",en
2,['1646646262878584832'],1646646262878584832,zevilvii cocacolaracing teamhendrick chaseelliott hendrick9team cocacola nascar only a dumbass would come up with some stupid ğŸ’© ,en
3,['1646645764301508608'],1646645764301508608,"dvcrypto8 elonmusk cocacola doge_cola the idea of â€‹â€‹a year ago, today can be supporting dogecola the most beautiful soft drink in the world ",en
4,['1646645142164500481'],1646645142164500481,57wicked chaseelliott teamhendrick hendrick9team cocacola nascar well done! ğŸ‘ğŸ‘ğŸ‘,en
6,['1646644805735264262'],1646644805735264262,skaheru gyaigyimii rwenzoriug volticmineral cocacola cocacolabevug we donâ€™t know you g.,en
7,['1646642306596970496'],1646642306596970496,evilvillainape _davidvsgoliath renfieldmovie lowscrowtom amctheatres cocacola amcgorillaz,en
8,['1646641993240522753'],1646641993240522753,"coca cola cafe bowl  via etsy 

freeshipping on all items store wide    

coke cocacola cokecollectibles cocacolacollector bowl servingbowl kitchenware kitchendecor dish etsyfinds etsyvintage",en
10,['1646641860650082311'],1646641860650082311,"rt knotsimple: coca cola cafe bowl  via etsy

freeshipping on all items store wide  

coke cocacola cokecollecâ€¦",en
12,['1646640700761448448'],1646640700761448448,"cocacola 

your cokecreationsmove flavor rosalia tastes like carmex.",en
13,['1646640648160964608'],1646640648160964608,rt chijoe0823: cocacola  hongkong å§œæ¿¤ nosuger keungto keungshow keung_show ,en
14,['1646637807354388482'],1646637807354388482,"well, elonmusk , how is the cocacola  purchase going? or do you prefer to have a good doge_cola?  ",en
16,['1646634018887311360'],1646634018887311360,"rt newjeansbrands: [article] the first time in 14 years since a cm song hit 1 on real-time charts. newjeans â€˜zeroâ€™ was a success!

â€” theâ€¦",en
17,['1646633531202756609'],1646633531202756609,"rt knotsimple: coca-cola thirst takes wings coffee mug  via etsy

freeshipping on all items store wide  

coke â€¦",en
19,['1646632779399016448'],1646632779399016448,_davidvsgoliath bsreviewsuk renfieldmovie lowscrowtom amctheatres cocacola atamc,en
20,['1646632629930950656'],1646632629930950656,rt chijoe0823: cocacola  hongkong å§œæ¿¤ nosuger keungto keungshow keung_show ,en
21,['1646632399504125952'],1646632399504125952,"_davidvsgoliath renfieldmovie lowscrowtom amctheatres cocacola renfieldmovie is seriously great! saw it last night and nick cage is an awesome ğŸ§›â€â™‚ï¸, thereâ€™s tons of action, and itâ€™s funny! highly recommend everyone see it this weekend at amctheatres â€¼ï¸ and while youâ€™re there suck down some unholy waterğŸ©¸ amcgorillaz ",en
22,['1646632239554347011'],1646632239554347011,_davidvsgoliath renfieldmovie lowscrowtom amctheatres cocacola ğŸ¿ğŸ”¥ book those tickets at amc for renfieldmovie and if you have one yet use your amcvisa ğŸ”¥ğŸ¿ amcgorillaz ,en
23,['1646631213803741189'],1646631213803741189,"rt shailender19811: evolution of famous cocacola contour bottles over the years!!

branding advertising marketingstrategy 

image courâ€¦",en
24,['1646631005925658624'],1646631005925658624,renfieldmovie lowscrowtom amctheatres seeing renfieldmovie at amctheatres while sucking on a straw with cocacola cherry ğŸ’and bitting into some pizza ğŸ• is a great experience! amcgorillazğŸ¦ğŸ¦ renfieldmovie nicholascage ,en
26,['1646630695454818304'],1646630695454818304,you know itâ€™s april and we need energy when all three of us have caffeine at lunch! teaching today was powered by cokezero cocacola and drpepperzero. ,en
28,['1646630014962610178'],1646630014962610178,"gusto mo coke? cola with coffee, try mo! cocacolarewards ohanaabode momof3 trustgod godneversleeps wakemeup sleepy lifehitsmehard cocacola caramel fbreels facebookreelscontest followus ",en
31,['1646625638017646596'],1646625638017646596,okaybears fortnitegame not even the main announcement. cocacola,en
33,['1646625603817467904'],1646625603817467904,"""the super mario bros movie"" of this year (2023)

based in the videogames of nintendo of japan ğŸ‡¯ğŸ‡µ

of ""universal pictures"" ""illumination entertainment"" and ""nintendo""

sponsored by:
soft drink cocacola the great flavor, for, the hot season

ğŸ®ğŸ¬â­ ",en
34,['1646625568795021313'],1646625568795021313,"Â¡together and united, vs the coronavirus covid19 to the end! ğŸ˜‰ğŸ‘

supermariomovieâ€¯â€¯â€¯â€¯â€¯â€¯â€¯â€¯â€¯â€¯â€¯â€¯

mariosbros

japan ğŸ‡¯ğŸ‡µ

universalpictures

illuminationentertainment

nintendo

universalpics

illumination

nintendo

theacademy

oscars

cocacola

ğŸ®ğŸ¬â­",en
36,['1646625296462823424'],1646625296462823424,gyaigyimii uganda and ghana are partying it up ğŸ˜‰  rwenzoriug volticmineral cocacola cocacolabevug ownyourrichness,en
38,['1646624906946424832'],1646624906946424832,"rt newjeansbrands: [article] the first time in 14 years since a cm song hit 1 on real-time charts. newjeans â€˜zeroâ€™ was a success!

â€” theâ€¦",en
40,['1646621280181837831'],1646621280181837831,"taste the power! ğŸ¥ƒğŸª™âš¡ï¸ğŸš€
bitcoinenergydrink energydrink nft nfts nftcommunity nftdomain nftdomains web3domain web3domains web3 domain domains ordinals ordinalsnft crypto bitcoin
bns_dao stacks trygamma cocacola redbull pepsi ",en
41,['1646620489094144000'],1646620489094144000,ogwangogwang balale19 kabajjaali athletickampala theumaofficial pepsi cocacola widespectrumug mtnug airtel_ug hillwaterltd ntvuganda bbstvug ubctvuganda urbantvuganda nbstv 892cbsfm allandarren asou_official sndukire orthosocietyug umaofficial ,en
42,['1646619451255582727'],1646619451255582727,"there's a reason why
cocacola is in atlanta and not
alabama!!! like desantisinflorida is having a war against women doctors big pharma in his quest to be an american dictator. its not going to work!!
smartdoctors practice in blue states!!! women will voteblue!",en
43,['1646619396352225282'],1646619396352225282,"president kathy schwaig stopped by today's cocacola hour with scrappy to meet with students and enjoy a coke with the chief owl, scrappy! ",en
44,['1646618056909619205'],1646618056909619205,cocacolaracing joeylogano team_penske cocacola nascar happy friday eve joey!,en
47,['1646614080088854528'],1646614080088854528,"rt hkt48_mimimi: newjeans cocacola cf

newjeans_zero ë‰´ì§„ìŠ¤
ì½”ì¹´ì½œë¼ cocacola ",en
48,['1646614026506633220'],1646614026506633220,"rt newjeans_usa: ğŸ“º [cocacola] newjeans x coca-cola zero, making film revealed

ğŸ”— 
newjeans ë‰´ì§„ìŠ¤ newjeans_ador",en
0,['1646613652441825284'],1646613652441825284,"restaurant serving diet pepsi in coke glassâ€¦

who is more upset about this, cocacola or dietpepsi? ",en
1,['1646609623258939393'],1646609623258939393,this shit is delicious ğŸ˜‹ cocacola ğŸ¥¤with coffee â˜• ğŸ˜‹ ,en
3,['1646609006922956802'],1646609006922956802,"newjeans cocacola cf

newjeans_zero ë‰´ì§„ìŠ¤
ì½”ì¹´ì½œë¼ cocacola ",en
4,['1646606518786183186'],1646606518786183186,"when you think of some of the most successful brands in the world, which ones come to mind? apple? cocacola? amazon? these companies have become household names, recognised and loved by people all over the world. ",en
7,['1646604709103280128'],1646604709103280128,"rt entrepreneur_cm: facebook is around, like cocacola logo. how many people actually use it, they just see instagram logo on the backsâ€¦",en
8,['1646604591692238862'],1646604591692238862,"rt entrepreneur_cm: facebook is around, like cocacola logo. how many people actually use it, they just see instagram logo on the backsâ€¦",en
9,['1646604499493048349'],1646604499493048349,"rt entrepreneur_cm: facebook is around, like cocacola logo. how many people actually use it, they just see instagram logo on the backsâ€¦",en
10,['1646604414558392342'],1646604414558392342,"facebook is around, like cocacola logo. how many people actually use it, they just see instagram logo on the backs of grocery labels, etc.
companies like meta are that big, that they do not care about people in general sense, those who are entrepreneurial with progress.",en
12,['1646598571846782980'],1646598571846782980,"latest story by jamesjrogers for marketwatch dowjones. ""a number of major ğŸ‡ºğŸ‡¸ companies operate in ğŸ‡ºğŸ‡¦. 600+ members of chamberukraine include boeing cisco citiÂ cocacola delta google ibmnews lockheedmartin mcdonaldsua msftnews oracle pepsico pfizer_news &amp; others. ",en
14,['1646591809584353280'],1646591809584353280,"spursofficial getir_uk 22 years of absolute failure 
enough is enough 
levyout 
enicout
spursofficial
nike cinchuk hp getir_uk hsbc_uk ineos kumhotyreuk cocacola libertex_europe",en
15,['1646591047550779392'],1646591047550779392,rt kineticpakistan: check out our ramadan campaign for coca-cola collaboration with rizq for donate a meal campaign. using a mix of convenâ€¦,en
16,['1646591001341972499'],1646591001341972499,cocacola please bring back this magnificent drink i remember having it in middle school saying that it is one of my favorite coke products of all time. please bring this back. cokelife ,en
17,['1646590122953940993'],1646590122953940993,"spursofficial 22 years of absolute failure 
enough is enough 
levyout 
enicout
spursofficial
nike cinchuk hp getir_uk hsbc_uk ineos kumhotyreuk cocacola libertex_europe",en
18,['1646589822029516801'],1646589822029516801,"spursofficial 22 years of absolute failure 
enough is enough 
levyout 
enicout
spursofficial
nike cinchuk hp getir_uk hsbc_uk ineos kumhotyreuk cocacola libertex_europe",en
23,['1646587122839871488'],1646587122839871488,"cocacola uconnmbb stop using corn syrup, bring back the original formula of real sugar",en
24,['1646585273390694405'],1646585273390694405,thee jang yeeun loves your product so much she even made a song about it! letâ€™s cut her a deal ğŸ˜ğŸ«¶ğŸ¾ cocacola cocacola_korea  ,en
26,['1646583550811197441'],1646583550811197441,"cocacola be my hero and please bring back tab! so many happy memories with ye olde pink can. crystal pepsi made a re-turn, so why not? i am jonesing hard here!!!",en
27,['1646581670018002944'],1646581670018002944,"rt nessen___: the nsfw coming from pepsiman will surprise you

digitalart digitalartwork artist ilustracion digitalillustration digiâ€¦",en
28,['1646581566980718599'],1646581566980718599,just_nicoleosas thevoice_ngr cocacola airtelnigeria firstbankngr zaroncosmetics leadwayinsure jacmotorsglobal â¤ï¸â¤ï¸â¤ï¸,en
29,['1646581517747978253'],1646581517747978253,rt thakkar_bhisham: invited by cii face for the 4th edition of agritech  ihc newdelhi with event partners cocacola olamagri yara â€¦,en
30,['1646578460272279557'],1646578460272279557,"forbidden places you can't visit
cocacola vault usa
the world of coca-cola museum in atlanta georgia is the site of a multi-million dollar vault thatâ€™s said to guard coca-colaâ€™s secret formula. it can be seen from the outside but entering it is strictly forbidden
history ",en
31,['1646577999716978688'],1646577999716978688,"sfgiants nbcsgiants knbr cocacola we stink, please clean house starting with farhan and kapler.  minor league systems still stinks and we pick up scrap heap players and bat them fifth and we're supposed to get excited.  this team and the organization is boring.  yawn.....500 at best organization. waiver garbage!",en
32,['1646576500072669185'],1646576500072669185,rizq_sharefood drive in collaboration with cokepk with the office peeps at garden town today. ramadan2023 cocacola ,en
33,['1646575531620708353'],1646575531620708353,"pasta party at cocacola, 'bolognese' courtesy of gigihadid ğŸ 's kylevalenta cut this recipeformagic ğŸ¥¤

asst. editor: jill sarao 
agency: cartwright

gigihadid cartelcrafted wearebueno
 ",en
35,['1646573306701651968'],1646573306701651968,"mistakes happen ğŸ˜±
dance it offğŸ’ƒğŸ»
cocacola dance
â¬‡ï¸ tap here â¬‡ï¸

likeâ–ªï¸shareâ–ªï¸comment",en
36,['1646572137354874880'],1646572137354874880,mcallisterpark cocacola cosagov johncouraged9 usaa it's our great pleasure to support you! ,en
38,['1646571289820233741'],1646571289820233741,"canâ€™t believe i came across a 12 pack of vanilla cocacola. ğŸ˜­

finding these is like encountering a shiny pokÃ©mon. âœ¨ ",en
40,['1646570651208089621'],1646570651208089621,invited by cii face for the 4th edition of agritech  ihc newdelhi with event partners cocacola olamagri yara allround harvestplus skymet ey krishijagran etc. it was a great program focused on the future of agriculture agribusiness with a loâ€¦,en
42,['1646569117737009153'],1646569117737009153,"""aladdin"" of the year (2019)

with:
menamassoud as aladdin
naomiscott as jasmine
and
willsmith as ""the genius""

sponsored by:
soft drink cocacola the great flavor, for, the hot season

ğŸµâ™¥ï¸ğŸ¬â­ ",en
43,['1646569105229578245'],1646569105229578245,"Â¡together and united, vs the coronavirus covid19 to the end! ğŸ˜‰ğŸ‘

aladdin

menamassoud

naomiscott

willsmith

awholenewworld

disney

disneyaladdin

disney

theacademy

cocacola

oscarsâ€¯â€¯â€¯ 

ğŸµâ™¥ï¸ğŸ¬â­",en
44,['1646568479401869312'],1646568479401869312,"just had another letdown at cocacola store! late delivery, out-of-stock items, and dirty bottles. disappointed with their service! pepsi, on the other hand, has been reliable with top-notch service. customerservicefail outofstock dirtybottles pepsiftw"" cocacola pepsi",en
45,['1646567939225841665'],1646567939225841665,"just had a disappointing experience at cocacola store! their service was terrible and their ego was through the roof compared to pepsi. always out of stock despite placing an order. poorservice outofstock pepsiwins"" cocacola pepsi customerservice",en
46,['1646567095335780382'],1646567095335780382,"evolution of famous cocacola contour bottles over the years!!

branding advertising marketingstrategy 

image courtesy: cocacola ireland website ",en
49,['1646563404851867649'],1646563404851867649,"rt only99money: i love theparlourkr cherrycoke ğŸ’ğŸ¥¤

cocacola ",en
0,['1646563287796940811'],1646563287796940811,"thank you, cocacola for the opportunity to share my story and music with your bottlers and executives. 

ğŸ‘‰need a keynotespeaker who will inspire, motivate &amp; challenge your employees, donors and/or community to action? 

ğŸ‘‰visit  and book jimmywayne ",en
1,['1646560331081322498'],1646560331081322498,"rt newjeans_usa: ğŸ“º [cocacola] newjeans x coca-cola zero, making film revealed

ğŸ”— 
newjeans ë‰´ì§„ìŠ¤ newjeans_ador",en
2,['1646559910962814976'],1646559910962814976,"cocacola for the love of everything that is holy please bring back cokeandcoffee !!!
i will buy cases!!",en
3,['1646559515158904845'],1646559515158904845,"tbt to last week's incredible atmosphere at nrgpark during march madness.

we're proud to support the ncaa with media credentialing and assist with on-site hospitality for our partners at cocacola.

until next year! ğŸ€

ticketmanager x ncaa x coca-cola ",en
5,['1646558783542525952'],1646558783542525952,cocacolaracing chaseelliott teamhendrick hendrick9team cocacola nascar i found thug does that count,en
6,['1646557011385909263'],1646557011385909263,"spursofficial 22 years of absolute failure 
enough is enough 
levyout 
enicout
spursofficial
nike cinchuk hp getir_uk hsbc_uk ineos kumhotyreuk cocacola libertex_europe",en
7,['1646556880192573440'],1646556880192573440,cocacolaracing chaseelliott teamhendrick hendrick9team cocacola nascar i found pilot,en
8,['1646556762512687107'],1646556762512687107,toddjam63018659 cocacolaracing teamhendrick chaseelliott hendrick9team cocacola nascar they have ski,en
12,['1646553851439218709'],1646553851439218709,"just_nicoleosas thevoice_ngr cocacola airtelnigeria firstbankngr zaroncosmetics leadwayinsure jacmotorsglobal cocacola_ng firstbanknigeria airtelnigeria leadwayassurance jacmotorsngr zaroncosmetics nico_osa k8henshaw officialpraiz
 niyola officialwaje naetosuperc

teamnicole
teamnicolethevoicenigeria
teamnicolethevoiceunstoppable
nicole4dwin
thevoicenigeria",en
13,['1646553336055726089'],1646553336055726089,"just_nicoleosas thevoice_ngr cocacola airtelnigeria firstbankngr zaroncosmetics leadwayinsure jacmotorsglobal our winner
teamnicole
teamnicolethevoicenigeria
teamnicolethevoiceunstoppable
nicole4dwin
thevoicenigeria
thevoicenigeriaunstoppable
thevoicenigeria2023
thevoicenigeriaseason4
nicolethevoicenigeriaseason42023
nicolethevoicenigeria2023
nicolethevoicenigeriafans",en
14,['1646553183525785600'],1646553183525785600,cocacolaracing chaseelliott teamhendrick hendrick9team cocacola nascar ,en
17,['1646551758443773956'],1646551758443773956,"rt foodbev: ğŸ‹ the ferrero group and the cocacolaco have launched tictac sprite, a flavoured tic tac inspired by the tingly, refreshing,â€¦",en
22,['1646547646151278592'],1646547646151278592,"rt knotsimple: 1992 coca cola glass straw dispenser  via etsy

add a touch of nostalgia to your counter or table tâ€¦",en
24,['1646546004332761090'],1646546004332761090,coca cola is my fav!! am i right ? cocacola,en
25,['1646545289086369792'],1646545289086369792,"ğŸš¨exciting news! weâ€™re thrilled to announce that duolingo, cocacola, inc, and carnivalcruise have joined the meltwater summit speaker lineup ğŸ™Œ.

reserve now to secure early bird pricing! ticket prices increase on may 12th:  ",en
26,['1646543776104710144'],1646543776104710144,"1992 coca cola glass straw dispenser  via etsy

add a touch of nostalgia to your counter or table top with this 2 piece dispenser.  

coke cocacola cokecollectibles cocacolacollector strawdispenser etsyfinds etsyvintage kitchenware kitchendecor",en
27,['1646542861633048576'],1646542861633048576,alan_g_smith_bc cocacola that would be great. ğŸ˜,en
28,['1646542630405435394'],1646542630405435394,"rt knotsimple: vintage german coca-cola bottle opener  via etsy

freeshipping on all items store wide  

coke câ€¦",en
31,['1646541808044765189'],1646541808044765189,sfgiants nbcsgiants knbr cocacola this a team of former mets. i count 5 of them.,en
32,['1646541251896913920'],1646541251896913920,"set of 3 commemorative coca cola glasses  via etsy

freeshipping on all items store wide  

coke cocacola cokecollectibles cocacolacollector glassware drinkware kitchenware kitchendecor etsyfinds etsyvintage",en
34,['1646539993815617537'],1646539993815617537,"vintage german coca-cola bottle opener  via etsy

freeshipping on all items store wide  

coke cocacola cokecollectible cocacolacollector bottleopener etsyfinds etsyvintage barwar kitchenware",en
35,['1646537860164534273'],1646537860164534273,cocacolaracing chaseelliott teamhendrick hendrick9team cocacola nascar it never left the track,en
36,['1646536283257462784'],1646536283257462784,"just_nicoleosas thevoice_ngr cocacola airtelnigeria firstbankngr zaroncosmetics leadwayinsure jacmotorsglobal teamnicole
teamnicolethevoicenigeria
teamnicolethevoiceunstoppable
nicole4dwin
thevoicenigeria
thevoicenigeriaunstoppable
thevoicenigeria2023
thevoicenigeriaseason4
nicolethevoicenigeriaseason42023
nicolethevoicenigeria2023
nicolethevoicenigeriafans
nicolethevoice",en
37,['1646536252378718210'],1646536252378718210,bdimcheff cocacola were they giving out free coke to cyclists?,en
38,['1646535839915048961'],1646535839915048961,cocacola do you think you could cheer a lifelong fan dealing with a serious medical issue,en
39,['1646535670091993088'],1646535670091993088,"""two states have proposed bans on common food additives linked to health concerns"" by dana g. smith via nyt  cocacola brandmanagement shareacoke ",en
40,['1646534325364568065'],1646534325364568065,"rt tempestamedia: ğŸ“·coca-cola partners with gigi hadid on food-centric campaign!
coca-colaâ€™s new campaign centers food as a vehicle for makâ€¦",en
41,['1646534258863886336'],1646534258863886336,"rt tempestamedia: ğŸ“·coca-cola partners with gigi hadid on food-centric campaign!
coca-colaâ€™s new campaign centers food as a vehicle for makâ€¦",en
44,['1646529361103970308'],1646529361103970308,"coca-cola zero sugar - commercial ( made in kinemaster ) | damian galewski 
________________________________________________

[ â€¢ t a g s â€¢ ] : cocacolazerosugar cocacola commercial ",en
45,['1646528944232083457'],1646528944232083457,"spurs_es 22 years of absolute failure 
enough is enough 
levyout 
enicout
spursofficial
nike cinchuk hp getir_uk hsbc_uk ineos kumhotyreuk cocacola libertex_europe",en
46,['1646528856059445249'],1646528856059445249,"i love theparlourkr cherrycoke ğŸ’ğŸ¥¤

cocacola ",en
47,['1646528656226029568'],1646528656226029568,join a free webinar (4/17  11am edt) with cocacola north america chief economist carlos herrera and mastercard u.s. chief economist michelle meyer on consumer spending shifts. more info and register:  ,en
