,edit_history_tweet_ids,id,text,lang,
0,['1646984233762672641'],1.64698423376267E+018,"foodlion in columbia, sc on harden st. does not have mango pepsi ! are you crazy?!!! ",en,
1,['1646981296542076928'],1.64698129654208E+018,mce_sdpuk cocacola_gb pepsi jamieoliver iâ€™m glad itâ€™s not just me that blames that roaster oliver,en,
2,['1646981267538231297'],1.64698126753823E+018,"rt harrelleyewear: from classic to contemporary, my love for pepsi has stood the test of time! this original pepsi can takes me back to siâ€¦",en,
3,['1646975478337622017'],1.64697547833762E+018,"cntrlscrut1nizr jabe8 insidernikola life_utah curiosity900 alanadler statsdman ron95803396 supershrimpcap 999bpm lgm__2019 johnsnownw alexjohnston86 onlyaktien zorkmid123 medinapanea srmabekianj zack19192 andrewawski yatinkheti greenarrowinvst lizmilton11 onlyatkein joeysylvio capitalisttalk jones43346665 goncalves_marco msl0727 aaaldoaguilera jasonroycht nikolamotor iveco innercitypress univarsolutions pepsi i can see specific milestones $20, $40, $55 ",en,
5,['1646973849185943552'],1.64697384918594E+018,marmaledetto jabe8 insidernikola life_utah curiosity900 alanadler statsdman ron95803396 supershrimpcap 999bpm lgm__2019 johnsnownw alexjohnston86 onlyaktien zorkmid123 medinapanea srmabekianj zack19192 andrewawski yatinkheti greenarrowinvst lizmilton11 onlyatkein joeysylvio capitalisttalk jones43346665 goncalves_marco msl0727 aaaldoaguilera jasonroycht nikolamotor iveco innercitypress univarsolutions pepsi no conditions or milestones.. he got 450k of that in cash and the rest in restricted stock grants so he has to stick around for three years to get them,en,
6,['1646973467219173377'],1.64697346721917E+018,"onlyaktien life_utah insidernikola curiosity900 jabe8 alanadler statsdman ron95803396 marmaledetto supershrimpcap 999bpm lgm__2019 johnsnownw alexjohnston86 zorkmid123 medinapanea srmabekianj zack19192 andrewawski yatinkheti greenarrowinvst lizmilton11 onlyatkein joeysylvio capitalisttalk jones43346665 goncalves_marco msl0727 aaaldoaguilera jasonroycht nikolamotor iveco innercitypress univarsolutions pepsi yeah.. brady has options on 10 million shares with a exercise price of 1.06.. 

your table is counting those shares.. 

you are welcome.

$nkla ",en,
7,['1646972685476397061'],1.6469726854764E+018,marmaledetto insidernikola cntrlscrut1nizr life_utah curiosity900 alanadler statsdman ron95803396 supershrimpcap 999bpm lgm__2019 johnsnownw alexjohnston86 onlyaktien zorkmid123 medinapanea srmabekianj zack19192 andrewawski yatinkheti greenarrowinvst lizmilton11 onlyatkein joeysylvio capitalisttalk jones43346665 goncalves_marco msl0727 aaaldoaguilera jasonroycht nikolamotor iveco innercitypress univarsolutions pepsi no clue..probably already said and done though..executive pay in alot of companies don't make sense,en,
8,['1646971815988809769'],1.64697181598881E+018,curiosity900 life_utah jabe8 insidernikola alanadler statsdman ron95803396 marmaledetto supershrimpcap 999bpm lgm__2019 johnsnownw alexjohnston86 onlyaktien zorkmid123 medinapanea srmabekianj zack19192 andrewawski yatinkheti greenarrowinvst lizmilton11 onlyatkein joeysylvio capitalisttalk jones43346665 goncalves_marco msl0727 aaaldoaguilera jasonroycht nikolamotor iveco innercitypress univarsolutions pepsi memorializing bumpy's last sharing of facts ,en,
9,['1646971781708763143'],1.64697178170876E+018,jabe8 insidernikola cntrlscrut1nizr life_utah curiosity900 alanadler statsdman ron95803396 supershrimpcap 999bpm lgm__2019 johnsnownw alexjohnston86 onlyaktien zorkmid123 medinapanea srmabekianj zack19192 andrewawski yatinkheti greenarrowinvst lizmilton11 onlyatkein joeysylvio capitalisttalk jones43346665 goncalves_marco msl0727 aaaldoaguilera jasonroycht nikolamotor iveco innercitypress univarsolutions pepsi is this a compensation conditioned to market milestones or â€¦ regardless and already recognized ?,en,
10,['1646971719326879781'],1.64697171932688E+018,cntrlscrut1nizr life_utah jabe8 insidernikola alanadler statsdman ron95803396 marmaledetto supershrimpcap 999bpm lgm__2019 johnsnownw alexjohnston86 onlyaktien zorkmid123 medinapanea srmabekianj zack19192 andrewawski yatinkheti greenarrowinvst lizmilton11 onlyatkein joeysylvio capitalisttalk jones43346665 goncalves_marco msl0727 aaaldoaguilera jasonroycht nikolamotor iveco innercitypress univarsolutions pepsi .82 ,en,
11,['1646970832114143258'],1.64697083211414E+018,"rt torix_nft: the event to reach 50,000 on torix twitterğŸ‰

1. follow torix twitter.

2. this post = tag 3 friend , retweet,  rt

3. discorâ€¦",en,
12,['1646970825323565074'],1.64697082532357E+018,stjohns newfoundland canada pepsi pepsicola softdrinks pop ,en,
13,['1646970072274030620'],1.64697007227403E+018,cntrlscrut1nizr life_utah jabe8 insidernikola alanadler statsdman ron95803396 marmaledetto supershrimpcap 999bpm lgm__2019 johnsnownw alexjohnston86 onlyaktien zorkmid123 medinapanea srmabekianj zack19192 andrewawski yatinkheti greenarrowinvst lizmilton11 onlyatkein joeysylvio capitalisttalk jones43346665 goncalves_marco msl0727 aaaldoaguilera jasonroycht nikolamotor iveco innercitypress univarsolutions pepsi youâ€™ll hear from him in the inevitable dead ğŸˆâ€â¬› bounce if it ever happens, otherwise heâ€™s gone.,en
14,['1646969349746446362'],1.64696934974645E+018,"life_utah jabe8 insidernikola curiosity900 alanadler statsdman ron95803396 marmaledetto supershrimpcap 999bpm lgm__2019 johnsnownw alexjohnston86 onlyaktien zorkmid123 medinapanea srmabekianj zack19192 andrewawski yatinkheti greenarrowinvst lizmilton11 onlyatkein joeysylvio capitalisttalk jones43346665 goncalves_marco msl0727 aaaldoaguilera jasonroycht nikolamotor iveco innercitypress univarsolutions pepsi is bumpy sharing any more facts?

999bpm 

newalltimelow
$nkla ",en,
15,['1646965422422478858'],1.64696542242248E+018,pepsi i can't wait to try it when it comes to the uk,en,
16,['1646963420065943560'],1.64696342006594E+018,"texaspa65015094 cocacola pepsi hey patti i need you badly, my feelings have been hurt. i hope you make me think differently i'm suffering a lotğŸ¥°ğŸ¥°ğŸ’”ğŸ’”ğŸ’˜ğŸ’˜",en,
18,['1646959923572494337'],1.64695992357249E+018,"freebyrd316 nicomartelle hemanismyhero stradlemonkey motudrawing brokenbridgegxb mark_lapping sinjun45 captainbacon61 addictedhe the_tyebox hemanfan1 brooksidefilms tentaclause gillster37 therealwallbie aliciamariebody lizhobbs1974 smax140adams cimerians michaelodomart jfdm76 wheeljack83 deanetts seitayokokawa kevhulk73 battleramblog tylerslam dccomics mattel mastersofficial kimberlandart pepsi neca_toys hulkhogan konami metallica outbacksteakaus arcade_1up oreo pandaexpress pizzahut codyrhodes oh ğŸ’© boys and girls, that faultmaster he a fake and a phoney. ",en,
19,['1646957789846163463'],1.64695778984616E+018,claritycollectv pepsi yo swampwaterbrand wen basic ğŸº ğŸ‘€,en,
21,['1646956991246376961'],1.64695699124638E+018,rt solana: pepsi meta shoulda stuck to the sugar water.,en,
26,['1646955175922335746'],1.64695517592234E+018,"it's getting warm out...and nothing says cooling off and refreshing like an ice cold pepsi 
or green apple jonessodaco. i'm so into those i'd tattoo their logos on me.",en,
28,['1646953068561420311'],1.64695306856142E+018,rt daily_zpd: â€œi am fighting for my life in hereâ€¦why did she leave out those pepsi peeps! i canâ€™t control what i eat past midnight! agh!â€â€¦,en,
30,['1646950650100568066'],1.64695065010057E+018,butmakeitspooky pepsi try it bitch,en,
32,['1646948994633834503'],1.64694899463383E+018,"les comparto los horarios de sofi tukker  pepsi center wtc ğŸŸï¸ cdmx ğŸ‡²ğŸ‡½

puertas: 19:00 hrs
lp giobbi: 19:00 hrs
sofi tukker: 21:00 hrs

sofitukker cdmx lpglobbi pepsicenterwtc pepsicenter pepsi thewettennistour the wet tennis tour ",en,
33,['1646948947905093654'],1.64694894790509E+018,pepsi sorry but not loving the new recipe ğŸ˜•,en,
34,['1646947735612825625'],1.64694773561283E+018,pepsi any idea on what to do with these? itâ€™s not like theyâ€™re meant to be consumed or anything. not a fan of being misled to be honest ,en,
35,['1646947494864252928'],1.64694749486425E+018,indra nooyi former ceo of pepsico. listing on opensea!  via opensea indranooyi powerfulwomen indian britisher mint digitalindia digitaldrawing artistontwitter twitternaturecommunity pepsi pepsixproxie pepsis2o pepsico,en,
38,['1646941123582087168'],1.64694112358209E+018,"99jamz 
pepsi 
latinas and latinos and latinoklansman and latinaklansman in law enforcement keep trying my temperament &amp; teeth clicking and popping off in third party format acting like they really own black hat men &amp; women &amp; their kids through ada law enforcement",en,
41,['1646939157380595714'],1.6469391573806E+018,the fuck you doing pepsi ,en,
42,['1646938916568571920'],1.64693891656857E+018,rt solana: pepsi meta shoulda stuck to the sugar water.,en,
43,['1646938611344875520'],1.64693861134488E+018,rt jaejoongdara: we are so happy for you bbgirl zhaolusi ğŸ˜˜â¤ pepsi,en,
44,['1646938205101621248'],1.64693820510162E+018,"sdfeventcenter people saying:  look at all the int'l. publicity that shows how irrelevant you are, and cruel, and that you caused irreparable trauma to a 9-year-old--lifelong, they say. and pepsi budweiser acehardware sponsor you? why? story keeps on giving, and it will... ",en,
45,['1646935246477074435'],1.64693524647707E+018,pepsi jetblue thereâ€™s nothing better than traveling with my nieces. especially with jetblue and a pepsi ğŸ˜Š zeroisnowboarding sweepstakes ,en,
46,['1646933990425632776'],1.64693399042563E+018,"rt tearsintherain1: what is that about then lol?! totally empty feeling, booing eyes out i dunno ğŸ¤·â€â™€ï¸?! facebook didnâ€™t fix it, twitter doâ€¦",en,
47,['1646933925543944199'],1.64693392554394E+018,"what is that about then lol?! totally empty feeling, booing eyes out i dunno ğŸ¤·â€â™€ï¸?! facebook didnâ€™t fix it, twitter does, must be the pepsi of fizzy drinks or something lol",en,
48,['1646933390560747521'],1.64693339056075E+018,"con ter partiro. 

(time to say goodbye to a toxic addiction) &amp; no iâ€™m not talking about trading. ğŸ˜‰

coke dietcoke pepsi soda junk ",en,
49,['1646932351451115520'],1.64693235145112E+018,rt daily_zpd: â€œi am fighting for my life in hereâ€¦why did she leave out those pepsi peeps! i canâ€™t control what i eat past midnight! agh!â€â€¦,en,
0,['1646931106246303744'],1.6469311062463E+018,"rt kunsland0204: pepsi new cm 

starring by caixukun 

è”¡å¾å¤ ",en,
1,['1646929649346437120'],1.64692964934644E+018,"there was a time when advertisements in hindi took great care of grammar &amp; structure of the language. 

most still do. 

but we also have lines like ""shopping ğ™–ğ™ğ™¨ğ™– india ğ™Ÿğ™–ğ™ğ™¨ğ™–""  from jiomart. worse still, ""tu ğ™©ğ™šğ™§ğ™– kar"" from pepsi

why oh why?",en,
2,['1646922312967438337'],1.64692231296744E+018,rt solana: pepsi meta shoulda stuck to the sugar water.,en,
3,['1646921864290390016'],1.64692186429039E+018,"by choosing the global structure network group corporations, consumers, and investors are choosing to align with efficacy &amp; culture for their development objectives.



wef forwardlooking finance wef pepsi wisconsin lifesciences biotechnology",en,
4,['1646921641304412160'],1.64692164130441E+018,"opindia_com fittuber did this before what happened to him, bournvita is just sugar, its worse than cocacola and pepsi",en,
5,['1646921250848096256'],1.6469212508481E+018,"ajheretic666 pepsi i will in about a week or so, just wish they actually made it obvious!",en,
6,['1646920375949996034'],1.64692037595E+018,"rt linda1_1: [weibo /pepsi ]

what is there in summer? sunshine, waves
take a sip and enjoy the bubbling iced pepsi. there are also sweetâ€¦",en,
7,['1646919839124971529'],1.64691983912497E+018,"rt cxksfanclub: can i have a bottle of pepsi too?

caixukun 
pepsixkun 
cxk_official ",en,
8,['1646919679678504965'],1.64691967967851E+018,pepsi look what i found. made to last ğŸ˜ ,en,
9,['1646918670336049153'],1.64691867033605E+018,vadamanager commanders magicjohnson pepsi alfrededmondjr blackenterprise savoynetwork nnpa_blackpress washinformer sportico sbj az_informant azcsports wusa9sports nice! congrats!,en,
10,['1646918371974459393'],1.64691837197446E+018,"plato described the theory of forms. 

whatever the hell pepsi  is, the logo fits the essence of what we intrinsically perceive pepsi to be, even if it has been impersonating something else over the past decade. ",en,
11,['1646918321659338754'],1.64691832165934E+018,vadamanager commanders magicjohnson pepsi blackenterprise savoynetwork nnpa_blackpress washinformer sportico sbj az_informant azcsports wusa9sports classic moment in black biz history! ğŸ’¯ğŸ‘ŠğŸ¾,en,
12,['1646917989638492165'],1.64691798963849E+018,"selfmintedman bns_dao stacks trygamma cocacola redbull pepsi flokiceo, elon musk's best meme token ( twitter + doge ). a decentralized cryptocurrency, with instant rewards for holders.
ca: 0x45289007706e7ee7b42b1fa506661d97740edfb4
âœ…listing consbit bkex shidodex azbit mexc lbank bbdoge cointiger bitmart
ğŸ–¥",en,
15,['1646912381472104449'],1.6469123814721E+018,poetic_brandi13 pepsi itâ€™s vile isnâ€™t it,en,
16,['1646912101170987008'],1.64691210117099E+018,nbpwba pepsi yes they have. the new recipe in the uk is half the sugar and literally tastes like flat pepsi. i put a complaint in and they basically said â€œlol donâ€™t careâ€,en,
17,['1646911590493732864'],1.64691159049373E+018,"as a new investor in sports franchises (nba) via private equity, our group ğŸ‘€big deals like commanders sale. congrats to joshharris/group. impressive ğŸ‘€magicjohnson expand his biz portfolio. recall being present for one his 1st early deals w/pepsi &amp; earlgraves in dcğŸˆ ",en,
22,['1646910252137209859'],1.64691025213721E+018,"drpepper promise us you wonâ€™t change your recipe, pepsi have fucked around and are entering the â€˜finding outâ€™ phase",en,
26,['1646909399829745675'],1.64690939982975E+018,"rt chamonhwa: now whereâ€™s my zhaolusi pepsi ads? ğŸŒŠ

ğŸ“¸cr: onlyone_èµµéœ²æ€ ",en,
29,['1646907720010977280'],1.64690772001098E+018,rt daily_zpd: â€œi am fighting for my life in hereâ€¦why did she leave out those pepsi peeps! i canâ€™t control what i eat past midnight! agh!â€â€¦,en,
30,['1646906450650841091'],1.64690645065084E+018,"rt chamonhwa: now whereâ€™s my zhaolusi pepsi ads? ğŸŒŠ

ğŸ“¸cr: onlyone_èµµéœ²æ€ ",en,
31,['1646905690986889216'],1.64690569098689E+018,dear house community who do you prefer more? amity the doofus or pepsi? theowlhouse amityblight pepsi ,en,
33,['1646905492512407555'],1.64690549251241E+018,"rt zhouxuaihe_02: the exact ingredients of pepsi are a trade secret. ğŸ–¤ğŸ’™

wulei 
zhaolusi 
wanghedi
pepsi ",en,
35,['1646904938516160514'],1.64690493851616E+018,rt daily_zpd: â€œi am fighting for my life in hereâ€¦why did she leave out those pepsi peeps! i canâ€™t control what i eat past midnight! agh!â€â€¦,en,
36,['1646904267490357254'],1.64690426749036E+018,rt daily_zpd: â€œi am fighting for my life in hereâ€¦why did she leave out those pepsi peeps! i canâ€™t control what i eat past midnight! agh!â€â€¦,en,
39,['1646903827864363012'],1.64690382786436E+018,rt daily_zpd: â€œi am fighting for my life in hereâ€¦why did she leave out those pepsi peeps! i canâ€™t control what i eat past midnight! agh!â€â€¦,en,
40,['1646902989469384704'],1.64690298946939E+018,claritycollectv pepsi wen pilk?,en,
42,['1646900046858956800'],1.64690004685896E+018,rt daily_zpd: â€œi am fighting for my life in hereâ€¦why did she leave out those pepsi peeps! i canâ€™t control what i eat past midnight! agh!â€â€¦,en,
43,['1646899987786211328'],1.64689998778621E+018,rt daily_zpd: â€œi am fighting for my life in hereâ€¦why did she leave out those pepsi peeps! i canâ€™t control what i eat past midnight! agh!â€â€¦,en,
44,['1646899472834625536'],1.64689947283463E+018,"â€œi am fighting for my life in hereâ€¦why did she leave out those pepsi peeps! i canâ€™t control what i eat past midnight! agh!â€
zentreya zpd gecko plushie shenanigans pepsi peeps ",en,
46,['1646898801314234375'],1.64689880131423E+018,"pepsi why have you changed your normal pepsi? it now tastes absolutely vile, u have lowered the sugar yet increased the salt and now tastes like the cheap coke brands givemebackmypepsi",en,
47,['1646897304262066181'],1.64689730426207E+018,"by choosing the global structure network group corporations, consumers, and investors are choosing to align with efficacy &amp; culture for their development objectives.



wef forwardlooking wef pepsi productivity propertyrights freemarkets workers",en,
48,['1646896819321049088'],1.64689681932105E+018,"rt chamonhwa: now whereâ€™s my zhaolusi pepsi ads? ğŸŒŠ

ğŸ“¸cr: onlyone_èµµéœ²æ€ ",en,
49,['1646895361380823041'],1.64689536138082E+018,claritycollectv pepsi basic af pepsi,en,
1,['1646894853983272964'],1.64689485398327E+018,claritycollectv pepsi ğŸ« ,en,
2,['1646894735506788354'],1.64689473550679E+018,claritycollectv pepsi just a basic pepsi,en,
4,['1646894579243794434'],1.64689457924379E+018,claritycollectv pepsi very basic drink! justabasicpfp,en,
6,['1646894353267425280'],1.64689435326743E+018,"rt chamonhwa: now whereâ€™s my zhaolusi pepsi ads? ğŸŒŠ

ğŸ“¸cr: onlyone_èµµéœ²æ€ ",en,
9,['1646893037488939009'],1.64689303748894E+018,"we pivot the world



wef forwardlooking wealthmanagement wealth financialplanning wealthbuilding investment money financialfreedom investing financialadvisor finance wef pepsi wisconsin lifesciences biotechnology scicomm healthsupplement",en,
12,['1646889925755695104'],1.6468899257557E+018,"give a nobel prize to pepsi 
starry is a win!
we can finally mostly enjoy sprite at our favorite restaurants who donâ€™t carry coke products. this is the future!",en,
13,['1646889676605648898'],1.64688967660565E+018,"by choosing the global structure network group corporations, consumers, and investors are choosing to align with efficacy &amp; culture for their development objectives.


wef forwardlooking wef pepsi productivity propertyrights freemarkets workers",en,
15,['1646889381465296896'],1.6468893814653E+018,"""evolutionarily â€” we have learned to value scarce things. marketers know we are hardwired that way.""

from peeps pepsi to cocacola move - julio sevilla, assoc. prof. of marketing at uga, breaks down the strategy behind special-edition sodas &amp; snacks!

 ",en,
16,['1646888323582160897'],1.64688832358216E+018,lovemesome1980s nicomartelle hemanismyhero stradlemonkey motudrawing brokenbridgegxb mark_lapping sinjun45 captainbacon61 addictedhe the_tyebox hemanfan1 brooksidefilms tentaclause gillster37 therealwallbie aliciamariebody lizhobbs1974 smax140adams cimerians michaelodomart jfdm76 wheeljack83 deanetts seitayokokawa kevhulk73 battleramblog tylerslam dccomics mattel mastersofficial kimberlandart pepsi neca_toys hulkhogan konami metallica outbacksteakaus arcade_1up oreo pandaexpress pizzahut codyrhodes ,en,
17,['1646888063732445185'],1.64688806373245E+018,lovemesome1980s nicomartelle hemanismyhero stradlemonkey motudrawing brokenbridgegxb mark_lapping sinjun45 captainbacon61 addictedhe the_tyebox hemanfan1 brooksidefilms tentaclause gillster37 therealwallbie aliciamariebody lizhobbs1974 smax140adams cimerians michaelodomart jfdm76 wheeljack83 deanetts seitayokokawa kevhulk73 battleramblog tylerslam dccomics mattel mastersofficial kimberlandart pepsi neca_toys hulkhogan konami metallica outbacksteakaus arcade_1up oreo pandaexpress pizzahut codyrhodes todays strip ,en,
18,['1646887210535485440'],1.64688721053549E+018,"rt cxksfanclub: can i have a bottle of pepsi too?

caixukun 
pepsixkun 
cxk_official ",en,
20,['1646886445666435072'],1.64688644566643E+018,"rt chamonhwa: now whereâ€™s my zhaolusi pepsi ads? ğŸŒŠ

ğŸ“¸cr: onlyone_èµµéœ²æ€ ",en,
22,['1646884067386728449'],1.64688406738673E+018,"f.f. demonseed69,axelbraun,thatkevinsmith,redbull,pizzahut,dominospizza,davie_prod,iamjvwheels,vaxismedia,weare321music,pepsi,bsgpr,starfactorypr,therubpr,flashdancersny,starbucks,abductionwine,milkymarbles,pornnado,stormshadow791,pornstachwwyd",en,
24,['1646883210830176258'],1.64688321083018E+018,rt ilovemonding: time to get pepsi now that zhaolusi  is endorsing it ğŸ˜ğŸ’œ zhaolusixpepsi  ğŸï¸ctto ,en,
25,['1646881451961401345'],1.6468814519614E+018,"switched from coke to sprite on my meal deals, looks like itâ€™s going to be pepsi from now on. ",en,
32,['1646876739354738688'],1.64687673935474E+018,"life_utah jabe8 insidernikola curiosity900 alanadler statsdman ron95803396 marmaledetto supershrimpcap 999bpm lgm__2019 johnsnownw alexjohnston86 onlyaktien zorkmid123 medinapanea srmabekianj zack19192 andrewawski yatinkheti greenarrowinvst lizmilton11 onlyatkein joeysylvio capitalisttalk jones43346665 goncalves_marco msl0727 aaaldoaguilera jasonroycht nikolamotor iveco innercitypress univarsolutions pepsi one seller cleaned up selling 200k shares at 85 cents.. now the market makers sell it all at 88 cents.. 

next up?

$nkla",en,
33,['1646876419664879618'],1.64687641966488E+018,cntrlscrut1nizr jabe8 insidernikola curiosity900 alanadler statsdman ron95803396 marmaledetto supershrimpcap 999bpm lgm__2019 johnsnownw alexjohnston86 onlyaktien zorkmid123 medinapanea srmabekianj zack19192 andrewawski yatinkheti greenarrowinvst lizmilton11 onlyatkein joeysylvio capitalisttalk jones43346665 goncalves_marco msl0727 aaaldoaguilera jasonroycht nikolamotor iveco innercitypress univarsolutions pepsi right? gagagagagağŸ˜‚ğŸ˜‚ğŸ˜‚ğŸ˜‚ğŸ˜‚ğŸ˜‚ğŸ˜‚,en,
34,['1646876081993990147'],1.64687608199399E+018,"for sale - rare, back to the future pepsi perfect plate â€¦ bttf backtothefuture pepsi pepsiperfect martymcfly docbrown timetravel cafe80s michaeljfox movies movie films film replica prop collector collection forsale",en,
35,['1646876019989663754'],1.64687601998966E+018,"for sale - rare, screen-accurate pepsi perfect bottle from back to the future!  bttf backtothefuture pepsi pepsiperfect martymcfly docbrown timetravel cafe80s michaeljfox movies movie films film replica prop collector collection forsale",en,
36,['1646875568367968256'],1.64687556836797E+018,"life_utah insidernikola curiosity900 jabe8 alanadler statsdman ron95803396 marmaledetto supershrimpcap 999bpm lgm__2019 johnsnownw alexjohnston86 onlyaktien zorkmid123 medinapanea srmabekianj zack19192 andrewawski yatinkheti greenarrowinvst lizmilton11 onlyatkein joeysylvio capitalisttalk jones43346665 goncalves_marco msl0727 aaaldoaguilera jasonroycht nikolamotor iveco innercitypress univarsolutions pepsi it never gets old

newalltimelow
$nkla ",en,
38,['1646874953956966401'],1.64687495395697E+018,"life_utah jabe8 insidernikola curiosity900 alanadler statsdman ron95803396 marmaledetto supershrimpcap 999bpm lgm__2019 johnsnownw alexjohnston86 onlyaktien zorkmid123 medinapanea srmabekianj zack19192 andrewawski yatinkheti greenarrowinvst lizmilton11 onlyatkein joeysylvio capitalisttalk jones43346665 goncalves_marco msl0727 aaaldoaguilera jasonroycht nikolamotor iveco innercitypress univarsolutions pepsi as a tesla share owner i feel good that ace just posted a ""game over for tesla"" video last week.. 

the funnest part is his april fools joke is mostly right and the joke is on the share owners,

",en,
39,['1646873657979940865'],1.64687365797994E+018,cntrlscrut1nizr jabe8 insidernikola curiosity900 alanadler statsdman ron95803396 marmaledetto supershrimpcap 999bpm lgm__2019 johnsnownw alexjohnston86 onlyaktien zorkmid123 medinapanea srmabekianj zack19192 andrewawski yatinkheti greenarrowinvst lizmilton11 onlyatkein joeysylvio capitalisttalk jones43346665 goncalves_marco msl0727 aaaldoaguilera jasonroycht nikolamotor iveco innercitypress univarsolutions pepsi ace thinks his videos are gonna pump the shares or something. most his videos get 500 views. a few pops here and there. ğŸ˜‚ğŸ˜‚ğŸ˜‚,en,
40,['1646873075009351680'],1.64687307500935E+018,"life_utah jabe8 insidernikola curiosity900 alanadler statsdman ron95803396 marmaledetto supershrimpcap 999bpm lgm__2019 johnsnownw alexjohnston86 onlyaktien zorkmid123 medinapanea srmabekianj zack19192 andrewawski yatinkheti greenarrowinvst lizmilton11 onlyatkein joeysylvio capitalisttalk jones43346665 goncalves_marco msl0727 aaaldoaguilera jasonroycht nikolamotor iveco innercitypress univarsolutions pepsi ace has always been a clown.. he has zero credibility or knowledge about anything.. another sucker caught in a waterfall sell off.. 

he and zork should both be institutionalized.

$nkla",en,
41,['1646872708192370688'],1.64687270819237E+018,"life_utah jabe8 insidernikola curiosity900 alanadler statsdman ron95803396 marmaledetto supershrimpcap 999bpm lgm__2019 johnsnownw alexjohnston86 onlyaktien zorkmid123 medinapanea srmabekianj zack19192 andrewawski yatinkheti greenarrowinvst lizmilton11 onlyatkein joeysylvio capitalisttalk jones43346665 goncalves_marco msl0727 aaaldoaguilera jasonroycht nikolamotor iveco innercitypress univarsolutions pepsi mansuetti worked at vector iq
petrovich is w/ carlyle group who engineered the spac
shindler - vector iq
vescey - fortesque

the only real independent board member is bruce smith the manufacturing guy from detroit and he's been there from nov 2020",en,
42,['1646872200161443840'],1.64687220016144E+018,"cntrlscrut1nizr jabe8 insidernikola curiosity900 alanadler statsdman ron95803396 marmaledetto supershrimpcap 999bpm lgm__2019 johnsnownw alexjohnston86 onlyaktien zorkmid123 medinapanea srmabekianj zack19192 andrewawski yatinkheti greenarrowinvst lizmilton11 onlyatkein joeysylvio capitalisttalk jones43346665 goncalves_marco msl0727 aaaldoaguilera jasonroycht nikolamotor iveco innercitypress univarsolutions pepsi visceral ace must be having a tougher and tougher time with his ""ladies and gentlemen, nikola is on the verge of a breakout"".ğŸ˜‚ğŸ˜‚ğŸ˜‚ğŸ˜‚

sadly his april fools video is coming true.ğŸ˜‚ğŸ˜‚ğŸ˜‚",en,
43,['1646871657674420224'],1.64687165767442E+018,life_utah jabe8 insidernikola curiosity900 alanadler statsdman ron95803396 marmaledetto supershrimpcap 999bpm lgm__2019 johnsnownw alexjohnston86 onlyaktien zorkmid123 medinapanea srmabekianj zack19192 andrewawski yatinkheti greenarrowinvst lizmilton11 onlyatkein joeysylvio capitalisttalk jones43346665 goncalves_marco msl0727 aaaldoaguilera jasonroycht nikolamotor iveco innercitypress univarsolutions pepsi they still have girsky and the vector iq cabal on the bod.. and the guy from bosch - a large $nkla shareowner and supplier.. and teh fortesque guy who is in bed w nkla isnt independent either.,en,
44,['1646871649021509632'],1.64687164902151E+018,ohnathan pepsi iâ€™m an equal opportunity soda guy,en,
45,['1646870371067482113'],1.64687037106748E+018,pepsi tastes like shit now. youâ€™ve actually managed to make regular taste like diet. hopefully youâ€™ll learn from cocacola_gb that changing a recipe doesnâ€™t go down well.,en,
46,['1646870331225698306'],1.6468703312257E+018,cntrlscrut1nizr jabe8 insidernikola curiosity900 alanadler statsdman ron95803396 marmaledetto supershrimpcap 999bpm lgm__2019 johnsnownw alexjohnston86 onlyaktien zorkmid123 medinapanea srmabekianj zack19192 andrewawski yatinkheti greenarrowinvst lizmilton11 onlyatkein joeysylvio capitalisttalk jones43346665 goncalves_marco msl0727 aaaldoaguilera jasonroycht nikolamotor iveco innercitypress univarsolutions pepsi all top dogs left or leaving. board of directors all going bye bye.  stock dropping like a lead balloon.  next to no sales. tight company... tight! i might pick up some shares now. you know lower my entry point.ğŸ˜‚ğŸ˜‚ğŸ˜‚ğŸ˜‚ğŸ˜‚ğŸ˜‚ğŸ˜‚ğŸ˜‚,en,
48,['1646864981055422464'],1.64686498105542E+018,"rt rich_gsr: web3 is already the choice of the new generation.

(to the branding world, web3 just means the next generation of the interneâ€¦",en,
1,['1646864421476499456'],1.6468644214765E+018,"jabe8 onlyaktien life_utah insidernikola curiosity900 alanadler statsdman ron95803396 marmaledetto supershrimpcap 999bpm lgm__2019 johnsnownw alexjohnston86 zorkmid123 medinapanea srmabekianj zack19192 andrewawski yatinkheti greenarrowinvst lizmilton11 onlyatkein joeysylvio capitalisttalk jones43346665 goncalves_marco msl0727 aaaldoaguilera jasonroycht nikolamotor iveco innercitypress univarsolutions pepsi yeah aktien is a rookie... cant look up sec filings

that's part of the reason they are stuck in a scam stock ",en,
2,['1646864048007311361'],1.64686404800731E+018,"catch aparkthelark's insightful interview with innovator and former apple and pepsi ceo johnsculley, as they dive into life lessons and the future of health tech. ğŸ’¡

watch this papapathfinders2023 summit session now:  ",en,
3,['1646862405421416448'],1.64686240542142E+018,rt nameisshreyash: alone ğŸŸ eater with riseupbaby pepsi ,en,
5,['1646861831024287744'],1.64686183102429E+018,rt nameisshreyash: alone ğŸŸ eater with riseupbaby pepsi ,en,
6,['1646861165287579648'],1.64686116528758E+018,"rt tiara_rosyzhao: 23-04-14  |  pepsiç™¾äº‹ä¸­å›½ weibo update

congrats zhaolusi announced as the new brand spokesperson for pepsi

ğŸ”—: https://â€¦",en,
7,['1646860751276212225'],1.64686075127621E+018,alone ğŸŸ eater with riseupbaby pepsi  ,en,
9,['1646859940852555776'],1.64685994085256E+018,insidernikola cntrlscrut1nizr curiosity900 jabe8 alanadler statsdman ron95803396 marmaledetto supershrimpcap 999bpm lgm__2019 johnsnownw alexjohnston86 onlyaktien zorkmid123 medinapanea srmabekianj zack19192 andrewawski yatinkheti greenarrowinvst lizmilton11 onlyatkein joeysylvio capitalisttalk jones43346665 goncalves_marco msl0727 aaaldoaguilera jasonroycht nikolamotor iveco innercitypress univarsolutions pepsi slip out the back jack...,en,
10,['1646859938017280003'],1.64685993801728E+018,"btcâ€¯â€¯â€¯ update 
am working out, how best to play the remainder of the bear market.

dxy btcâ€¯ xauusd silver xagusd gbpusd eurusd usdcad usdjpy uranium pepsiâ€¯ mcdonalds coke nike gold xagusd usdjpy ",en,
11,['1646859658299162630'],1.64685965829916E+018,"rt jingles_online: who did that music mini mixes



whodidthatmusic ukradio radio capitalfm bfbs pepsi throwâ€¦",en,
16,['1646854013978284032'],1.64685401397828E+018,"rt cxksfanclub: can i have a bottle of pepsi too?

caixukun 
pepsixkun 
cxk_official ",en,
18,['1646853658695409664'],1.64685365869541E+018,"hey pepsi it's april 14, 2023 at 02:31pm and i still don't have a pepsi holiday spice in my hands.",en,
19,['1646852718269702144'],1.6468527182697E+018,"rt joyfulpoem: the coloured edit of this photo ğŸ˜ğŸ˜ love kun + beach ğŸŒŠ

cr â€¢wintersonâ€¢

kun x pepsi
caixukun è”¡å¾å¤ ì°¨ì´ì‰¬ì¿¤ pepsi â€¦",en,
23,['1646847354513903616'],1.6468473545139E+018,"pepsi i will not be touching or drinking pepsi original ever again because it is not original anymore! 
why would you add sweetner without even informing the public! 
disgusting tactics! and i donâ€™t eat your crap snacks either!",en,
24,['1646847304895463427'],1.64684730489546E+018,"few glimpses from the articleğŸ‘€ -

branding advertising marketing pepsiâ€¯â€¯â€¯ rebranding writerscommunity article copywriting  ",en,
25,['1646846483042385920'],1.64684648304239E+018,majorboondoggle nhl pepsi dallasstars you think nashville is going to do the stars any favors today? lol nope.,en,
26,['1646846187419455491'],1.64684618741946E+018,"hey pepsi it's april 14, 2023 at 02:01pm and i still don't have a pepsi holiday spice in my hands.",en,
27,['1646846121191305216'],1.64684612119131E+018,"illuminate your home or office with this rare and exquisite coca-cola porcelain bead hanging lamp - a unique and iconic addition to any collection!

shop now


cocacola coke pepsi food love s fanta cola instagram vintage drink soda o drinks ",en,
28,['1646845856891510784'],1.64684585689151E+018,penancerpg pepsi oh no! hope you feel better now that you've figured it out!,en,
29,['1646845637336375296'],1.64684563733638E+018,"april 14, 2023 at 01:59pmhey pepsi it's april 14, 2023 at 01:59pm and i still don't have a pepsi holiday spice in my hands.",en,
30,['1646845584509218816'],1.64684558450922E+018,"hey pepsi it's april 14, 2023 at 01:59pm and i still don't have a pepsi holiday spice in my hands.",en,
31,['1646843942120599558'],1.6468439421206E+018,rt ilovemonding: time to get pepsi now that zhaolusi  is endorsing it ğŸ˜ğŸ’œ zhaolusixpepsi  ğŸï¸ctto ,en,
32,['1646842200649609216'],1.64684220064961E+018,"well now i know i've been feeling worse and losing time, thanks pepsi for poisoning me with acesulfame k &amp; sucralose for 2 weeks without highlighting the change on bottles!

chronicillness sweetners chemicalsensivities foodallergies mecfs fibromyalgia",en,
33,['1646842168135303169'],1.6468421681353E+018,"pepsi hey guys.. your franchise agent in jordan i think it changed the manufacturing equation by reducing the quality of the product, which led to a negative change in the taste, and this prompted me to boycott the product.",en,
34,['1646839510695657472'],1.64683951069566E+018,"in 1983, john sculley joined apple. in 1985, he sacked steve jobs. in 1993 he was sacked. but in 1987 he wrote about his time there. we reviewed it to find out how he thought it went:  johnsculley1 apple stevejobs marketing pepsi advertising ceo cmo",en,
36,['1646838818962821125'],1.64683881896282E+018,"rt chamonhwa: now whereâ€™s my zhaolusi pepsi ads? ğŸŒŠ

ğŸ“¸cr: onlyone_èµµéœ²æ€ ",en,
37,['1646836131890348032'],1.64683613189035E+018,rt ilovemonding: time to get pepsi now that zhaolusi  is endorsing it ğŸ˜ğŸ’œ zhaolusixpepsi  ğŸï¸ctto ,en,
40,['1646835748853919744'],1.64683574885392E+018,"rt chamonhwa: now whereâ€™s my zhaolusi pepsi ads? ğŸŒŠ

ğŸ“¸cr: onlyone_èµµéœ²æ€ ",en,
41,['1646834384316805122'],1.64683438431681E+018,"rt chamonhwa: now whereâ€™s my zhaolusi pepsi ads? ğŸŒŠ

ğŸ“¸cr: onlyone_èµµéœ²æ€ ",en,
43,['1646833257131151360'],1.64683325713115E+018,rt ariesarien044: congratulations ğŸ’œğŸ‰ğŸ˜ğŸ‘‘ğŸ™Œ zhaolusi as new brand spokesperson of pepsi zhaolusixpepsi,en,
44,['1646833200034111490'],1.64683320003411E+018,"rt cxksfanclub: can i have a bottle of pepsi too?

caixukun 
pepsixkun 
cxk_official ",en,
45,['1646832071653085185'],1.64683207165309E+018,rt ilovemonding: time to get pepsi now that zhaolusi  is endorsing it ğŸ˜ğŸ’œ zhaolusixpepsi  ğŸï¸ctto ,en,
46,['1646831453752180738'],1.64683145375218E+018,"bnb eth

dxy btcâ€¯ xauusd silver xagusd gbpusd eurusd usdcad usdjpy uranium pepsiâ€¯ mcdonalds coke nike gold xagusd usdjpy ",en,
47,['1646831158280474625'],1.64683115828047E+018,"out with the old, in with the new! ğŸ¥¤ğŸ‘€

pepsiindia recently rebranded its logo. the bold modern design is a fresh take on their branding. 
read my latest article that breaks down the tasty details ;)
branding pepsi design writerscommunity
 ",en,
48,['1646830917183508481'],1.64683091718351E+018,"rt chamonhwa: now whereâ€™s my zhaolusi pepsi ads? ğŸŒŠ

ğŸ“¸cr: onlyone_èµµéœ²æ€ ",en,
0,['1646830685444005889'],1.64683068544401E+018,rt jaejoongdara: we are so happy for you bbgirl zhaolusi ğŸ˜˜â¤ pepsi,en,
1,['1646829863192653826'],1.64682986319265E+018,"rt tiara_rosyzhao: 23-04-14  |  pepsiç™¾äº‹ä¸­å›½ weibo update

congrats zhaolusi announced as the new brand spokesperson for pepsi

ğŸ”—: https://â€¦",en,
2,['1646829401823404034'],1.6468294018234E+018,"rt chamonhwa: now whereâ€™s my zhaolusi pepsi ads? ğŸŒŠ

ğŸ“¸cr: onlyone_èµµéœ²æ€ ",en,
4,['1646827995963838464'],1.64682799596384E+018,dxy btcâ€¯ xauusd silver xagusd gbpusd eurusd usdcad usdjpy uranium pepsiâ€¯ mcdonalds coke nike gold xagusd usdjpy ,en,
5,['1646827819094220801'],1.64682781909422E+018,dxy btcâ€¯ xauusd silver xagusd gbpusd eurusd usdcad usdjpy uranium pepsiâ€¯ mcdonalds coke nike gold xagusd usdjpy ,en,
6,['1646827570694963200'],1.64682757069496E+018,"rt chamonhwa: now whereâ€™s my zhaolusi pepsi ads? ğŸŒŠ

ğŸ“¸cr: onlyone_èµµéœ²æ€ ",en,
7,['1646827558560825344'],1.64682755856083E+018,dxy btcâ€¯ xauusd silver xagusd gbpusd eurusd usdcad usdjpy uranium pepsiâ€¯ mcdonalds coke nike gold xagusd usdjpy ,en,
8,['1646827174232457218'],1.64682717423246E+018,pepsi you've completely ruined pepsi since you've taken the sugar out ğŸ˜­ğŸ˜­ğŸ˜­ğŸ˜­,en,
10,['1646824472043999232'],1.646824472044E+018,"rt curcunist: zhao lusi announced as spokesperson for pepsi china ğŸ˜‹

zhaolusi à¸ˆà¹‰à¸²à¸§à¸¥à¸¹à¹ˆà¸‹à¸·à¸­ èµµéœ²æ€ ",en,
11,['1646821718974136320'],1.64682171897414E+018,rt ilovemonding: time to get pepsi now that zhaolusi  is endorsing it ğŸ˜ğŸ’œ zhaolusixpepsi  ğŸï¸ctto ,en,
14,['1646820828494057472'],1.64682082849406E+018,"rt chamonhwa: now whereâ€™s my zhaolusi pepsi ads? ğŸŒŠ

ğŸ“¸cr: onlyone_èµµéœ²æ€ ",en,
17,['1646819473108910081'],1.64681947310891E+018,rt jaejoongdara: we are so happy for you bbgirl zhaolusi ğŸ˜˜â¤ pepsi,en,
20,['1646818525800202240'],1.6468185258002E+018,"rt invisibleworld9: zhaolusi 

congratulations brand spokeperson of pepsi ",en,
21,['1646818439238152192'],1.64681843923815E+018,rt ilovemonding: time to get pepsi now that zhaolusi  is endorsing it ğŸ˜ğŸ’œ zhaolusixpepsi  ğŸï¸ctto ,en,
26,['1646817982536904704'],1.64681798253691E+018,"rt chamonhwa: now whereâ€™s my zhaolusi pepsi ads? ğŸŒŠ

ğŸ“¸cr: onlyone_èµµéœ²æ€ ",en,
27,['1646817682048815108'],1.64681768204882E+018,"rt chamonhwa: now whereâ€™s my zhaolusi pepsi ads? ğŸŒŠ

ğŸ“¸cr: onlyone_èµµéœ²æ€ ",en,
28,['1646817570991878146'],1.64681757099188E+018,"rt linda1_1: [weibo /pepsi ]

what is there in summer? sunshine, waves
take a sip and enjoy the bubbling iced pepsi. there are also sweetâ€¦",en,
29,['1646817213922287616'],1.64681721392229E+018,"rt invisibleworld9: zhaolusi 

congratulations brand spokeperson of pepsi ",en,
30,['1646816577634041861'],1.64681657763404E+018,"rt linda1_1: [weibo /pepsi ]

what is there in summer? sunshine, waves
take a sip and enjoy the bubbling iced pepsi. there are also sweetâ€¦",en,
31,['1646816160489394177'],1.64681616048939E+018,"rt csdpakistan: csd winter mega draw, win a 1300cc
shop, save &amp; win nationwide via luckydraw
share|like|follow csd page for more updatâ€¦",en,
33,['1646814419739967490'],1.64681441973997E+018,"hey pepsi thereâ€™s zerodebate about it, ben was being totally real! greattaste realoracting",en,
36,['1646813855442698240'],1.6468138554427E+018,"rt chamonhwa: now whereâ€™s my zhaolusi pepsi ads? ğŸŒŠ

ğŸ“¸cr: onlyone_èµµéœ²æ€ ",en,
37,['1646811440014331910'],1.64681144001433E+018,"rt curcunist: zhao lusi announced as spokesperson for pepsi china ğŸ˜‹

zhaolusi à¸ˆà¹‰à¸²à¸§à¸¥à¸¹à¹ˆà¸‹à¸·à¸­ èµµéœ²æ€ ",en,
38,['1646810633596465152'],1.64681063359647E+018,so pepsimango was really good! it was like carbonated maaza mixed with thums up! pepsi ,en,
39,['1646810500578308098'],1.64681050057831E+018,"rt chamonhwa: now whereâ€™s my zhaolusi pepsi ads? ğŸŒŠ

ğŸ“¸cr: onlyone_èµµéœ²æ€ ",en,
45,['1646808855953944584'],1.64680885595394E+018,"now whereâ€™s my zhaolusi pepsi ads? ğŸŒŠ

ğŸ“¸cr: onlyone_èµµéœ²æ€  ",en,
0,['1646805027548463104'],1.64680502754846E+018,"rt cxksfanclub: can i have a bottle of pepsi too?

caixukun 
pepsixkun 
cxk_official ",en,
6,['1646802278408671232'],1.64680227840867E+018,cxksfanclub lesleylau_kun cxk_official pepsi love kun,en,
7,['1646802252408160256'],1.64680225240816E+018,"please give me a bottle of pepsi 

caixukun 
pepsixkun 
cxk_official ",en,
11,['1646801588802183168'],1.64680158880218E+018,"rt cxksfanclub: can i have a bottle of pepsi too?

caixukun 
pepsixkun 
cxk_official ",en,
16,['1646800334881280001'],1.64680033488128E+018,"csd winter mega draw, win a 1300cc
shop, save &amp; win nationwide via luckydraw
share|like|follow csd page for more updates
pepsi unilever lipton tapal dettol sale
loreal garnier meezan newyear offer ",en,
20,['1646794740850126850'],1.64679474085013E+018,"rt linda1_1: [weibo /pepsi ]

what is there in summer? sunshine, waves
take a sip and enjoy the bubbling iced pepsi. there are also sweetâ€¦",en,
21,['1646793904677863424'],1.64679390467786E+018,rt ilovemonding: time to get pepsi now that zhaolusi  is endorsing it ğŸ˜ğŸ’œ zhaolusixpepsi  ğŸï¸ctto ,en,
22,['1646792919129673728'],1.64679291912967E+018,time to get pepsi now that zhaolusi  is endorsing it ğŸ˜ğŸ’œ zhaolusixpepsi  ğŸï¸ctto ,en,
24,['1646791371276136448'],1.64679137127614E+018,pepsi have changed the recipe on pepsi original in uk  and it absolutely awful! don't waste your money on it. drinks drink cola pepsicola pepsiclassic pop soda,en,
29,['1646788904056487938'],1.64678890405649E+018,pepsi what the hell have you done to pepsi? i just bought a 10 can pack in the uk and the taste has totally  changed! how can i get my money back?,en,
37,['1646785072614490114'],1.64678507261449E+018,"rt tiara_rosyzhao: 23-04-14  |  pepsiç™¾äº‹ä¸­å›½ weibo update

congrats zhaolusi announced as the new brand spokesperson for pepsi

ğŸ”—: https://â€¦",en,
41,['1646781534500683777'],1.64678153450068E+018,"rt linda1_1: [weibo /pepsi ]

what is there in summer? sunshine, waves
take a sip and enjoy the bubbling iced pepsi. there are also sweetâ€¦",en,
43,['1646780198824599553'],1.6467801988246E+018,"if they shittin on ya, flush! pepsi",en,
46,['1646777740442607623'],1.64677774044261E+018,manpalisades1 thr pepsi one can only hope.,en,
47,['1646776014729773058'],1.64677601472977E+018,"a world where everything is grown, not made!

midjourney victrays   pepsi oreo ",en,
48,['1646773450810220546'],1.64677345081022E+018,"rt linda1_1: [weibo /pepsi ]

what is there in summer? sunshine, waves
take a sip and enjoy the bubbling iced pepsi. there are also sweetâ€¦",en,
0,['1646772495893278725'],1.64677249589328E+018,"rt zhouxuaihe_02: the exact ingredients of pepsi are a trade secret. ğŸ–¤ğŸ’™

wulei 
zhaolusi 
wanghedi
pepsi ",en,
2,['1646772246386737152'],1.64677224638674E+018,rt jaejoongdara: we are so happy for you bbgirl zhaolusi ğŸ˜˜â¤ pepsi,en,
3,['1646767978472456194'],1.64676797847246E+018,its_glane amyamoure07 nbstv afromobileug blacktieventsug pepsi clubpilsener tent_events mastercardmedia farasugapps newlookbettertaste,en,
4,['1646767620618874881'],1.64676762061887E+018,we are so happy for you bbgirl zhaolusi ğŸ˜˜â¤ pepsi ,en,
5,['1646767566235529216'],1.64676756623553E+018,"rt tiara_rosyzhao: 23-04-14  |  pepsiç™¾äº‹ä¸­å›½ weibo update

congrats zhaolusi announced as the new brand spokesperson for pepsi

ğŸ”—: https://â€¦",en,
9,['1646764048061722624'],1.64676404806172E+018,"rt tiara_rosyzhao: 23-04-14  |  pepsiç™¾äº‹ä¸­å›½ weibo update

congrats zhaolusi announced as the new brand spokesperson for pepsi

ğŸ”—: https://â€¦",en,
10,['1646763685355089923'],1.64676368535509E+018,"rt tiara_rosyzhao: 23-04-14  |  pepsiç™¾äº‹ä¸­å›½ weibo update

congrats zhaolusi announced as the new brand spokesperson for pepsi

ğŸ”—: https://â€¦",en,
15,['1646760174164803584'],1.6467601741648E+018,"the exact ingredients of pepsi are a trade secret. ğŸ–¤ğŸ’™

wulei 
zhaolusi 
wanghedi
pepsi ",en,
17,['1646758865881497606'],1.6467588658815E+018,selfmintedman bns_dao stacks trygamma cocacola redbull pepsi bitcoin âš¡â›“ï¸ğŸ¹ btc,en,
18,['1646758807060480001'],1.64675880706048E+018,"theislandofmis1 

misfit snacks | ranch dressing soda
rich, creamy . . . soda?!

soda drinks drink food cocacola pop fanta pepsi foodie cola coke exoticpop exoticsoda

 ",en,
19,['1646758096558231552'],1.64675809655823E+018,"rt tiara_rosyzhao: 23-04-14  |  pepsiç™¾äº‹ä¸­å›½ weibo update

congrats zhaolusi announced as the new brand spokesperson for pepsi

ğŸ”—: https://â€¦",en,
22,['1646755028395237380'],1.64675502839524E+018,"pepsi woman reference sheet
pepsichan pepsi ",en,
23,['1646753881395961856'],1.64675388139596E+018,"rt superiormario_: felip jhon x daniel john in his red hair era ğŸ”¥ğŸ¤¯

felip
danielpadilla 
pepsi ",en,
24,['1646752132643815425'],1.64675213264382E+018,"rt invisibleworld9: zhaolusi 

congratulations brand spokeperson of pepsi ",en,
27,['1646749853748281349'],1.64674985374828E+018,"rt tiara_rosyzhao: 23-04-14  |  pepsiç™¾äº‹ä¸­å›½ weibo update

congrats zhaolusi announced as the new brand spokesperson for pepsi

ğŸ”—: https://â€¦",en,
28,['1646749795133030400'],1.64674979513303E+018,"rt superiormario_: felip jhon x daniel john in his red hair era ğŸ”¥ğŸ¤¯

felip
danielpadilla 
pepsi ",en,
29,['1646749401279283200'],1.64674940127928E+018,"everyone is concerned about boycotting budlight, but meanwhile this is in everything we consume...  cancer abortionrights abortionpill feminist pepsi mountaindew gamers alcohol fetus ",en,
30,['1646749139802394624'],1.64674913980239E+018,"rt forever50946890: congratulations zhaolusi ğŸ¥‚ hereâ€™s to more pepsi 

zhaolusixpepsi",en,
32,['1646748953407533056'],1.64674895340753E+018,"rt curcunist: zhao lusi announced as spokesperson for pepsi china ğŸ˜‹

zhaolusi à¸ˆà¹‰à¸²à¸§à¸¥à¸¹à¹ˆà¸‹à¸·à¸­ èµµéœ²æ€ ",en,
33,['1646748720468480003'],1.64674872046848E+018,"rt linda1_1: [weibo /pepsi ]

what is there in summer? sunshine, waves
take a sip and enjoy the bubbling iced pepsi. there are also sweetâ€¦",en,
35,['1646747600039845888'],1.64674760003985E+018,"rt curcunist: zhao lusi announced as spokesperson for pepsi china ğŸ˜‹

zhaolusi à¸ˆà¹‰à¸²à¸§à¸¥à¸¹à¹ˆà¸‹à¸·à¸­ èµµéœ²æ€ ",en,
36,['1646747536944943104'],1.64674753694494E+018,"rt linda1_1: [weibo /pepsi ]

what is there in summer? sunshine, waves
take a sip and enjoy the bubbling iced pepsi. there are also sweetâ€¦",en,
40,['1646744640656220161'],1.64674464065622E+018,zeroisnowboarding sweepstakes love pepsi zero. i am glad is now a part of jetblue pepsi,en,
41,['1646744242369310723'],1.64674424236931E+018,"i've ever seen. having the chance to participate in the crystalpepsimovement not once, but three times was amazing. i got a 30 year anniversary bottle, a canadian bottle, an american bottle, but am missing the l.a. beast edition (maybe pepsi should release that one!). ",en,
44,['1646742464508878852'],1.64674246450888E+018,"felip jhon x daniel john in his red hair era ğŸ”¥ğŸ¤¯

felip
danielpadilla 
pepsi ",en,
48,['1646739227038855169'],1.64673922703886E+018,"rt linda1_1: [weibo /pepsi ]

what is there in summer? sunshine, waves
take a sip and enjoy the bubbling iced pepsi. there are also sweetâ€¦",en,
0,['1646738235245350912'],1.64673823524535E+018,"brbonowicz thr pepsi theyâ€™ll most likely switch to coke if they filed for bankruptcy. same thing , i think, happened to general cinema before they were bought by amc.",en,
8,['1646734356348805120'],1.64673435634881E+018,"rt invisibleworld9: zhaolusi 

congratulations brand spokeperson of pepsi ",en,
14,['1646732942071283714'],1.64673294207128E+018,themedicalleag1 ogwangogwang kabajjaali athletickampala theumaofficial pepsi cocacola widespectrumug mtnug airtel_ug hillwaterltd ntvuganda bbstvug ubctvuganda urbantvuganda nbstv 892cbsfm allandarren asou_official orthosocietyug umaofficial we shall be there drlubegarobert kiruddunrh nsambyahospital joseadr87760928 stuartnuwagaba ugandaphysician kkananura ug_kidneyf theumaofficial rkalyes1 nssfug mikemunialo mkainerugaba,en,
16,['1646732454034587648'],1.64673245403459E+018,"rt curcunist: zhao lusi announced as spokesperson for pepsi china ğŸ˜‹

zhaolusi à¸ˆà¹‰à¸²à¸§à¸¥à¸¹à¹ˆà¸‹à¸·à¸­ èµµéœ²æ€ ",en,
17,['1646732271078998017'],1.646732271079E+018,"rt linda1_1: [weibo /pepsi ]

what is there in summer? sunshine, waves
take a sip and enjoy the bubbling iced pepsi. there are also sweetâ€¦",en,
19,['1646730351451197441'],1.6467303514512E+018,"rt linda1_1: [weibo /pepsi ]

what is there in summer? sunshine, waves
take a sip and enjoy the bubbling iced pepsi. there are also sweetâ€¦",en,
24,['1646729492361248768'],1.64672949236125E+018,rt ariesarien044: congratulations ğŸ’œğŸ‰ğŸ˜ğŸ‘‘ğŸ™Œ zhaolusi as new brand spokesperson of pepsi zhaolusixpepsi,en,
31,['1646728600425742337'],1.64672860042574E+018,"rt invisibleworld9: zhaolusi 

congratulations brand spokeperson of pepsi ",en,
33,['1646727805034528768'],1.64672780503453E+018,"i created an advertising image using ai for pepsiargentina pepsi, but even better images can still be made than this. ",en,
35,['1646727741868474368'],1.64672774186847E+018,"rt forever50946890: congratulations zhaolusi ğŸ¥‚ hereâ€™s to more pepsi 

zhaolusixpepsi",en,
36,['1646727406093324293'],1.64672740609332E+018,"rt csdpakistan: good news!!! offer extended till chand raat
csd winter mega draw, win a 1300cc
shop, save &amp; win nationwide via luckydraâ€¦",en,
42,['1646724764130586625'],1.64672476413059E+018,"rt cxksfanclub: can i have a bottle of pepsi too?

caixukun 
pepsixkun 
cxk_official ",en,
44,['1646723993859244032'],1.64672399385924E+018,"and screw all y'all picking on jackdaniels .....
jack n pepsi is, and has been, my jam loooong b4 this crap!

if anyone was willing to go n research... these companies have been participating in these issues for a minute!
budlightboycott ",en,
48,['1646723434490245120'],1.64672343449025E+018,"rt cxksfanclub: can i have a bottle of pepsi too?

caixukun 
pepsixkun 
cxk_official ",en,
1,['1646723217367924736'],1.64672321736792E+018,"rt tiara_rosyzhao: 23-04-14  |  pepsiç™¾äº‹ä¸­å›½ weibo update

congrats zhaolusi announced as the new brand spokesperson for pepsi

ğŸ”—: https://â€¦",en,
4,['1646722928472477699'],1.64672292847248E+018,nhl pepsi tblightning congrats on beating the wings ahl team,en,
8,['1646722080350646273'],1.64672208035065E+018,drdre nbcsports pepsi nfl rocnation memory unlocked drdre eminem,en,
9,['1646721351967977473'],1.64672135196798E+018,"rt linda1_1: [weibo /pepsi ]

what is there in summer? sunshine, waves
take a sip and enjoy the bubbling iced pepsi. there are also sweetâ€¦",en,
13,['1646720060646641664'],1.64672006064664E+018,"rt cxksfanclub: can i have a bottle of pepsi too?

caixukun 
pepsixkun 
cxk_official ",en,
15,['1646719519342329856'],1.64671951934233E+018,"rt linda1_1: [weibo /pepsi ]

what is there in summer? sunshine, waves
take a sip and enjoy the bubbling iced pepsi. there are also sweetâ€¦",en,
17,['1646719493031477248'],1.64671949303148E+018,"rt tiara_rosyzhao: 23-04-14  |  pepsiç™¾äº‹ä¸­å›½ weibo update

congrats zhaolusi announced as the new brand spokesperson for pepsi

ğŸ”—: https://â€¦",en,
20,['1646719171059908609'],1.64671917105991E+018,"rt linda1_1: [weibo /pepsi ]

what is there in summer? sunshine, waves
take a sip and enjoy the bubbling iced pepsi. there are also sweetâ€¦",en,
22,['1646718978302316544'],1.64671897830232E+018,"rt forever50946890: congratulations zhaolusi ğŸ¥‚ hereâ€™s to more pepsi 

zhaolusixpepsi",en,
25,['1646718710357577728'],1.64671871035758E+018,"rt curcunist: zhao lusi announced as spokesperson for pepsi china ğŸ˜‹

zhaolusi à¸ˆà¹‰à¸²à¸§à¸¥à¸¹à¹ˆà¸‹à¸·à¸­ èµµéœ²æ€ ",en,
26,['1646718512860393473'],1.64671851286039E+018,"rt cxksfanclub: can i have a bottle of pepsi too?

caixukun 
pepsixkun 
cxk_official ",en,
27,['1646718475489153024'],1.64671847548915E+018,rt ariesarien044: congratulations ğŸ’œğŸ‰ğŸ˜ğŸ‘‘ğŸ™Œ zhaolusi as new brand spokesperson of pepsi zhaolusixpepsi,en,
29,['1646718045484900352'],1.6467180454849E+018,"rt tiara_rosyzhao: 23-04-14  |  pepsiç™¾äº‹ä¸­å›½ weibo update

congrats zhaolusi announced as the new brand spokesperson for pepsi

ğŸ”—: https://â€¦",en,
35,['1646717487105572864'],1.64671748710557E+018,"rt tiara_rosyzhao: 23-04-14  |  pepsiç™¾äº‹ä¸­å›½ weibo update

congrats zhaolusi announced as the new brand spokesperson for pepsi

ğŸ”—: https://â€¦",en,
42,['1646716354870009857'],1.64671635487001E+018,"rt invisibleworld9: zhaolusi 

congratulations brand spokeperson of pepsi ",en,
47,['1646716072513634304'],1.64671607251363E+018,"rt curcunist: zhao lusi announced as spokesperson for pepsi china ğŸ˜‹

zhaolusi à¸ˆà¹‰à¸²à¸§à¸¥à¸¹à¹ˆà¸‹à¸·à¸­ èµµéœ²æ€ ",en,
0,['1646715900220018689'],1.64671590022002E+018,"rt linda1_1: [weibo /pepsi ]

what is there in summer? sunshine, waves
take a sip and enjoy the bubbling iced pepsi. there are also sweetâ€¦",en,
2,['1646715646326046720'],1.64671564632605E+018,nhl pepsi dallasstars of course st. louis isn't going to do us any favors in colorado. ah well.,en,
9,['1646714064939401218'],1.6467140649394E+018,"rt linda1_1: [weibo /pepsi ]

what is there in summer? sunshine, waves
take a sip and enjoy the bubbling iced pepsi. there are also sweetâ€¦",en,
10,['1646714057162883074'],1.64671405716288E+018,"rt forever50946890: congratulations zhaolusi ğŸ¥‚ hereâ€™s to more pepsi 

zhaolusixpepsi",en,
11,['1646714000447614981'],1.64671400044761E+018,"rt tiara_rosyzhao: 23-04-14  |  pepsiç™¾äº‹ä¸­å›½ weibo update

congrats zhaolusi announced as the new brand spokesperson for pepsi

ğŸ”—: https://â€¦",en,
12,['1646713371750969344'],1.64671337175097E+018,congratulations ğŸ’œğŸ‰ğŸ˜ğŸ‘‘ğŸ™Œ zhaolusi as new brand spokesperson of pepsi zhaolusixpepsi ,en,
17,['1646713010671747072'],1.64671301067175E+018,"rt linda1_1: [weibo /pepsi ]

what is there in summer? sunshine, waves
take a sip and enjoy the bubbling iced pepsi. there are also sweetâ€¦",en,
19,['1646712846145957892'],1.64671284614596E+018,"rt linda1_1: [weibo /pepsi ]

what is there in summer? sunshine, waves
take a sip and enjoy the bubbling iced pepsi. there are also sweetâ€¦",en,
20,['1646712691744989188'],1.64671269174499E+018,"rt linda1_1: [weibo /pepsi ]

what is there in summer? sunshine, waves
take a sip and enjoy the bubbling iced pepsi. there are also sweetâ€¦",en,
21,['1646712279839436800'],1.64671227983944E+018,"rt curcunist: zhao lusi announced as spokesperson for pepsi china ğŸ˜‹

zhaolusi à¸ˆà¹‰à¸²à¸§à¸¥à¸¹à¹ˆà¸‹à¸·à¸­ èµµéœ²æ€ ",en,
23,['1646711713331580928'],1.64671171333158E+018,"rt tiara_rosyzhao: 23-04-14  |  pepsiç™¾äº‹ä¸­å›½ weibo update

congrats zhaolusi announced as the new brand spokesperson for pepsi

ğŸ”—: https://â€¦",en,
26,['1646711325341671424'],1.64671132534167E+018,"rt linda1_1: [weibo /pepsi ]

what is there in summer? sunshine, waves
take a sip and enjoy the bubbling iced pepsi. there are also sweetâ€¦",en,
27,['1646711034990985216'],1.64671103499099E+018,"rt linda1_1: [weibo /pepsi ]

what is there in summer? sunshine, waves
take a sip and enjoy the bubbling iced pepsi. there are also sweetâ€¦",en,
28,['1646710978887794689'],1.64671097888779E+018,passingdrill nhl pepsi dallasstars andreas happentoseeyou is my hero,en,
29,['1646710579355172864'],1.64671057935517E+018,gummyblocks nhl pepsi dallasstars dude this was only the 2nd time we got shutout all year.,en,
30,['1646710027053592576'],1.64671002705359E+018,nhl pepsi dallasstars what was the score?,en,
31,['1646710026034135040'],1.64671002603414E+018,nhl pepsi dallasstars against the blues. doesnâ€™t count in my book.,en,
32,['1646709975337652225'],1.64670997533765E+018,nhl pepsi dallasstars who,en,
34,['1646709586064453633'],1.64670958606445E+018,"rt linda1_1: [weibo /pepsi ]

what is there in summer? sunshine, waves
take a sip and enjoy the bubbling iced pepsi. there are also sweetâ€¦",en,
35,['1646709575524175875'],1.64670957552418E+018,"rt linda1_1: [weibo /pepsi ]

what is there in summer? sunshine, waves
take a sip and enjoy the bubbling iced pepsi. there are also sweetâ€¦",en,
40,['1646709260695535616'],1.64670926069554E+018,"rt tiara_rosyzhao: 23-04-14  |  pepsiç™¾äº‹ä¸­å›½ weibo update

congrats zhaolusi announced as the new brand spokesperson for pepsi

ğŸ”—: https://â€¦",en,
41,['1646709249903570944'],1.64670924990357E+018,"congratulations zhaolusi ğŸ¥‚ hereâ€™s to more pepsi 

zhaolusixpepsi ",en,
42,['1646709240248107008'],1.64670924024811E+018,"ğŸ¦¦ otter perfection ğŸ¦¦

jake oettinger posts a 25-save pepsi shutout as the dallasstars finish their season on a high note with a 1-0 victory! â­ï¸ ",en,
45,['1646708914631876608'],1.64670891463188E+018,"[weibo /pepsi ]

what is there in summer? sunshine, waves
take a sip and enjoy the bubbling iced pepsi. there are also sweet and cool girls who ride the wind and waves.

welcome to èµµéœ²æ€ zhaolusi to become the spokesperson of pepsi!
let's love together and have a great summer ",en,
47,['1646708693860491264'],1.64670869386049E+018,"rt tiara_rosyzhao: 23-04-14  |  pepsiç™¾äº‹ä¸­å›½ weibo update

congrats zhaolusi announced as the new brand spokesperson for pepsi

ğŸ”—: https://â€¦",en,
48,['1646708648024875008'],1.64670864802488E+018,"rt manya23: please stop accepting these 200 ml plastic bottles at hotels, restaurants and functions. ask for filtered water or carry yourâ€¦",en,
