,edit_history_tweet_ids,id,text
0,['1666596929961095168'],1666596929961095168,johnlukenyc dietcoke looks delicious
1,['1666595051953090562'],1666595051953090562,johnlukenyc dietcoke thatâ€™s looks so yummy ğŸ¤¤
2,['1666592631751602178'],1666592631751602178,"rt bigmamasbins: dads will dig this wireless security camera.  for more details or to order today, copy/paste or click the link below
ğŸ‘‡ğŸ‘‡
hâ€¦"
3,['1666592609140080640'],1666592609140080640,"rt bigmamasbins: top deal 45% discount gift ideas for dads and grads.  for more details or to order today, copy/paste or click the link beâ€¦"
4,['1666592590970384385'],1666592590970384385,"rt bigmamasbins: congratulations are in order! for some thoughtful inexpensive gift ideas  copy/paste or click the link below
ğŸ‘‡ğŸ‘‡
https://tâ€¦"
5,['1666587584246738946'],1666587584246738946,"congratulations are in order! for some thoughtful inexpensive gift ideas  copy/paste or click the link below
ğŸ‘‡ğŸ‘‡
 
art beautiful instagood love fashion photooftheday ad sponsored happy dietcoke amazondeals bigmamasbins blackart"
6,['1666587437785665538'],1666587437785665538,johnlukenyc dietcoke oregano is a great add!
7,['1666586883860619265'],1666586883860619265,johnlukenyc dietcoke you missed a spot ğŸ˜‚ looks great!
8,['1666586644944756736'],1666586644944756736,johnlukenyc dietcoke good night! friend john. happy wednesday to you and your family.ğŸ™ hugs.ğŸ˜‡ğŸŒ›
9,['1666585884739633155'],1666585884739633155,"dinnertime peppornipizza ğŸ• ğŸ• 
oregano ğŸ•ğŸ•ğŸ•
&amp; dietcoke yummy ğŸ˜‹ ğŸ˜‹ğŸ˜‹ğŸ˜‹ "
10,['1666585448209317889'],1666585448209317889,"top deal 45% discount gift ideas for dads and grads.  for more details or to order today, copy/paste or click the link below
ğŸ‘‡ğŸ‘‡
  art beautiful instagood love fashion photooftheday ad sponsored happy dietcoke amazondeals bigmamasbins blackart"
11,['1666584210747056129'],1666584210747056129,"dads will dig this wireless security camera.  for more details or to order today, copy/paste or click the link below
ğŸ‘‡ğŸ‘‡
  
photooftheday fashion love instagood beautiful ad sponsored art happy dietcoke amazondeals bigmamasbins blackart"
12,['1666583357742891010'],1666583357742891010,proana thinspo mealspo dietcoke ednosheeran ednotsheeran anashit 
13,['1666575600142929920'],1666575600142929920,"dads &amp; grads will dig prime video channels and the trial is free! for more details or to order today, copy/paste or click the link below
ğŸ‘‡ğŸ‘‡
  

art beautiful instagood love fashion ad sponsored happy dietcoke amazondeals bigmamasbins"
14,['1666573491464814596'],1666573491464814596,dietcoke flows thru my veins at this point. i feel i deserve some merch. i should have some swag seeing i probâ€™ly am keeping this company afloat. 
15,['1666572104400003072'],1666572104400003072,this means dietcoke can still sponsor me based on my insane consumption on stream? word 
16,['1666545398037778432'],1666545398037778432,"diet coke
dietcoke
diet "
17,['1666543656893919233'],1666543656893919233,im ab to breakdown why is my ribcage covered in fat ricecakediet edtwt dietcoke 
18,['1666540453116665859'],1666540453116665859,strappatc emergencysports southwestair dietcoke 511tactical sh_sportsmed i need a maryland state a police patch!!!
19,['1666537784452997123'],1666537784452997123,"all is right again.......

emergencysports sports off to spats2023 for some mass casualty training

and flying in style with southwestair in the magic seat! 

thanks dietcoke for the unofficial travel beverage and 511tactical and sh_sportsmed for the travel gear! "
20,['1666492531838705692'],1666492531838705692,"tried the tictac flavored like dietcoke and sprite. i only like the sprite, the coke tastes floral."
21,['1666476349694017538'],1666476349694017538,"elihuwho target walmart nascar chickfila mcdonalds kroger pepsi dietcoke shakeshack gm apple microsoft to be fair, this list is a lot longer."
22,['1666473372639809536'],1666473372639809536,"drkonin strappatc southwestair emergencysports dietcoke auntieannes nah, them working boots!  keep'em as is!"
23,['1666472298243674114'],1666472298243674114,strappatc southwestair emergencysports dietcoke auntieannes time to get dem boots polished!
24,['1666467172388859906'],1666467172388859906,mattstevns secondtierpod 2030 ğŸ‘€ do it cokesoccer dietcoke efl 
25,['1666465232095440903'],1666465232095440903,thank you fevtutor for bringing the dietcoke &amp; crushedicelou lunches today! caffeinated teachers are happy teachers! ğŸ˜‚ jcpsky jcps_cao 
26,['1666461072188948481'],1666461072188948481,elon musk humiliated by twitterâ€™s lawyers over his censorship claims  via dietcoke
27,['1666436875635118085'],1666436875635118085,"not the magic southwestair seat but an exit row is always a win! got snacks for doug and the crew, if i have to be up early they have to be up earlier!

emergencysports off to spats2023 for a mass casualty pre conference workshop!

traveling with dietcoke and auntieannes "
28,['1666410647427624961'],1666410647427624961,"it is often found in â€œdietâ€ sodas including dietcoke with splenda, diet pepsi with splenda, as well as gatoradeâ€™s propel water, low-calorie koolaid, atkins diet products and other low-calorie foods and drinks."
29,['1666408935102771200'],1666408935102771200,hunter biden may soon face federal charges? | us: probe into hunter bide...  via dietcoke
30,['1666401682270441478'],1666401682270441478,"coca cola, valio, mars in russia in 2023. who has left and who has not?  via dietcoke"
31,['1666396036200296449'],1666396036200296449,atlanta neighborhood comparison / buckhead vs bankhead  via dietcoke
32,['1666394309652799489'],1666394309652799489,when did buckhead atlanta turn into bankhead???  via dietcoke
33,['1666389938152124419'],1666389938152124419,billionaire bachelor pad - tech bros ai voice meme aimeme  via dietcoke
34,['1666388881791410177'],1666388881791410177,free and open-source or alternative software available in the market: no...  via dietcoke sicklecellsite
35,['1666388176221470722'],1666388176221470722,free and open-source or alternative software available in the market: no...  via dietcoke
36,['1666385364250968064'],1666385364250968064,elon musk puts a price tag on twitter's blue check mark | dw business  via dietcoke
37,['1666378755294605312'],1666378755294605312,"dietcoke""request for grant consideration""
s.e.e. foundation for youth (safety, education, equity)
- 501c3 non-profit / a minority organization
- focus areas: bully prevention &amp; conflict resolution
- help stop the bullying/ shootings in our schools
- "
38,['1666372423380344833'],1666372423380344833,can add to dc dietcoke 
39,['1666369845976346624'],1666369845976346624,"thank god for another year.
you can send me money for one dietcoke 
8185582552
opay"
40,['1666314697493340163'],1666314697493340163,rt dawnzpost: my first dietcoke ad. thanks _dawnzulueta_ â¤ï¸ bighair i don't miss this grunge look.  
41,['1666289095730167809'],1666289095730167809,3 redbulls x 3 diet coke x 12 hours how i liveğŸ˜‡ redbullindia dietcoke
42,['1666286511862710273'],1666286511862710273,written by mordicollins discover the facts about diet mountain dew and its impact  healthyhabits dietcoke dietmountaindew cocacola
43,['1666280138114482176'],1666280138114482176,maryellen74 dietcoke right? lol ğŸ˜†
44,['1666257163822546946'],1666257163822546946,openai gpt-4: the game-changing ai technology! gpt-5 will destroy the wo...  via dietcoke
45,['1666255836828540928'],1666255836828540928,"americancousin1 dietcoke my response ""is monopoly money okay?"""
46,['1666255711653822465'],1666255711653822465,what happened to jay-z meme lyrics dietcoke cocacola bottle 
47,['1666248655546851329'],1666248655546851329,open ai's ceo sam altman shocking statement about gpt5 (gpt-5 update)  via dietcoke
48,['1666228184898224128'],1666228184898224128,dietcoke 
49,['1666225366438928385'],1666225366438928385,jockosports amfamchamp dietcoke get a napkin the slobber is coming all over me
50,['1666223680894951426'],1666223680894951426,jockosports amfamchamp dietcoke skip that and head over to the titoâ€™s tent.
51,['1666217057698955265'],1666217057698955265,war ukraine coca-cola still supports russian terrorists  via dietcoke
52,['1666216024708923399'],1666216024708923399,"300 big brands ditch russia for ukraine; mcdonald's, coca-cola, pepsico,...  via dietcoke"
53,['1666215900557594630'],1666215900557594630,jockosports amfamchamp dietcoke whatâ€™s life without dc? i too am addicted.
54,['1666214715716935680'],1666214715716935680,i didnâ€™t think it was possible to love the amfamchamp any more than i already did. but i do. dietcoke 
55,['1666214418277908482'],1666214418277908482,"elon musk reveals next twitter update, says higher priced twitter subscr...  via dietcoke"
56,['1666207502575231007'],1666207502575231007,bing vs bard vs chatgpt: a battle of conversational ai titans  via dietcoke
57,['1666205804561588238'],1666205804561588238,microsoft vs google: who will win the ai chatbot race? | tech it out  via dietcoke
58,['1666195361084366864'],1666195361084366864,"gpt 4 got upgraded - code interpreter (ft. image editing, mp4s, 3d plots...  via dietcoke"
59,['1666192517778268183'],1666192517778268183,microsoft's visual chatgpt shocks entire ai industry! (game changing)  via dietcoke
60,['1666189519840763909'],1666189519840763909,open ai ceo stuns everyone with statements on gpt 5(gpt-5 update)  via dietcoke
61,['1666186118360973313'],1666186118360973313,bard vs chatgpt-4: 8 ways google ai outperforms openai (surprised!)  via dietcoke
62,['1666185286210994177'],1666185286210994177,microsoft vs google rivalry - shocking ai developments  via dietcoke vs sicklecellsite
63,['1666182675818840064'],1666182675818840064,microsoft vs google rivalry - shocking ai developments  via dietcoke
64,['1666180642537721856'],1666180642537721856,fistfightawolf dietcoke would ğŸ¤
65,['1666180295731687424'],1666180295731687424,potatogobbler dietcoke what a shot! pair these with it. 
66,['1666179838959312897'],1666179838959312897,7 ways google bard ai is better than open ai's chat gpt  via dietcoke
67,['1666178660339007498'],1666178660339007498,hacking chatgpt for keylogger malware in c++  via dietcoke
68,['1666178581079154689'],1666178581079154689,quinncoherent dietcoke thank you ğŸ¤
69,['1666178444365897730'],1666178444365897730,potatogobbler dietcoke absolutely stunning
70,['1666177276382420993'],1666177276382420993,stooliememes dietcoke refreshing ğŸ¤
71,['1666177179846057988'],1666177179846057988,potatogobbler dietcoke this looks like it should be in an ad!
72,['1666174764623306752'],1666174764623306752,potatogobbler dietcoke ğŸ¤big building guy
73,['1666173767708704768'],1666173767708704768,jakemajka15 dietcoke legend! nice buildings as well ğŸ¤
74,['1666173523776110595'],1666173523776110595,potatogobbler dietcoke coke zero better
75,['1666172873348722689'],1666172873348722689,the chatgpt revolution | cbs reports  via dietcoke
76,['1666172813961568257'],1666172813961568257,potatogobbler dietcoke i thought this was america
77,['1666172256639172608'],1666172256639172608,how to upload images to chatgpt and get answers  via dietcoke
78,['1666172254827208706'],1666172254827208706,karenmotherof2 dietcoke sadly itâ€™s frowned upon at my work :/
79,['1666172176377020419'],1666172176377020419,grantmcgalliard dietcoke the best ice ğŸ¤
80,['1666171863246962688'],1666171863246962688,potatogobbler dietcoke ice game insane
81,['1666171553996832768'],1666171553996832768,how to upload images to chatgpt and get answers!$  via dietcoke
82,['1666171260626165760'],1666171260626165760,how to upload images to chatgpt and get answers!  via dietcoke
83,['1666159192355241999'],1666159192355241999,how this ai chat robot became a racist! | tay ai chatbot  via dietcoke
84,['1666157881115148288'],1666157881115148288,is twitter secretly run by ai? massive layoffs: is ai taking over? elon ...  via dietcoke
85,['1666155167631147033'],1666155167631147033,revolutionize incident solving with unskript's open-source ai notebooks ...  via dietcoke
86,['1666152114286886932'],1666152114286886932,americancousin1 dietcoke agree!!!
87,['1666150323713449984'],1666150323713449984,elon musk vs. twitter: inside the 6-month battle | wsj timeline  via dietcoke
88,['1666134369080160269'],1666134369080160269,billionaire bachelor pad - tech bros ai voice meme  via dietcoke
89,['1666133303840190485'],1666133303840190485,bill gates and socrates talking about ai - ai generated talk  via dietcoke
90,['1666132520348557312'],1666132520348557312,"rt therealltm: ""2 minute warning"" out now!

recorded by jonsullivan_ ğŸ‘¨â€ğŸ”¬ğŸ§ªğŸ™ğŸ¿

ğŸ¨: derez ğŸ”¥ğŸ”¥

youtube link: 

latrayâ€¦"
91,['1666129481445126170'],1666129481445126170,"if every american just let the aspartame take the wheel, we'd be on mars by now
3yearletterman elonmusk 
dietcoke"
92,['1666128180397191186'],1666128180397191186,meta is challenging twitter at what they do best  via dietcoke
93,['1666125588954861568'],1666125588954861568,elon musk's new insane partnership with trump changes everything  via dietcoke
94,['1666112905023037443'],1666112905023037443,how does starlink satellite internet work?ğŸ“¡â˜„ğŸ–¥  via apple dietcoke nasa
95,['1666110477695320064'],1666110477695320064,spacex to curb ukraine military's access to starlink satellite service |...  via dietcoke
96,['1666109664424247297'],1666109664424247297,"maga pridemonth check-list:
banning  target,walmart,nascar,starbucks,chickfila,mcdonalds,kroger,pepsi,dietcoke,shakeshack,gm,apple,microsoft ='s homophobic"
97,['1666109417325223936'],1666109417325223936,"rt bigmamasbins: for more details or to order today, copy/paste or click the link below
ğŸ‘‡ğŸ‘‡


art beautiful instaâ€¦"
98,['1666103122995867648'],1666103122995867648,dietcoke calling that number from a uk mobile would likely cost more than a year's supply of diet coke ğŸ˜‚
99,['1666103039940521989'],1666103039940521989,"for more details or to order today, copy/paste or click the link below
ğŸ‘‡ğŸ‘‡


art beautiful instagood love fashion photooftheday ad sponsored happy dietcoke amazondeals bigmamasbins blackart unfinishedbusiness"
0,['1666102450091163649'],1666102450091163649,and so continues my drive up the interstate then... dietcoke 
1,['1666101793837948928'],1666101793837948928,"up to 69% off | great gift for dads &amp; grads. for more details or to order today, copy/paste or click the link below
ğŸ‘‡ğŸ‘‡
  
photooftheday fashion love instagood beautiful sponsored ad art happy dietcoke amazondeals bigmamasbins blackart"
2,['1666101103551758340'],1666101103551758340,how the youtube algorithm actually works  via dietcoke
3,['1666099377734287362'],1666099377734287362,"check out this body wrap bikini. for more details or to order today, copy/paste or click the link below
ğŸ‘‡ğŸ‘‡


art beautiful instagood love fashion photooftheday ad sponsored happy dietcoke amazondeals bigmamasbins blackart unfinishedbusiness"
4,['1666098039927504903'],1666098039927504903,"up to 50% off of select fathers day gifts.  for more details or to order today, copy/paste or click the link below
ğŸ‘‡ğŸ‘‡


 beautiful instagood love fashion photooftheday ad sponsored dietcoke amazondeals bigmamasbins blackart unfinishedbusiness"
5,['1666094810506330114'],1666094810506330114,russia ukraine war updates | southern ukrainian dam bombed | russia vs u...  via dietcoke
6,['1666088336656830465'],1666088336656830465,"jacksonboren theswu dietcoke
thanks for the memory and age check! ğŸ¤£
indianajones dietcoke"
7,['1666087756907569152'],1666087756907569152,twitterâ€™s open-source advantage  via dietcoke
8,['1666079429636902912'],1666079429636902912,"morebetje20 mickey dâ€™s. 
if taco bell served dietcoke theyâ€™d be the winner"
9,['1666069989382561793'],1666069989382561793,"rt andrewcpo: dietcoke no, sounds more like this. 

watch it again.
you're revenue might have bought the bullets.

boycottcocacola 

httâ€¦"
10,['1666069849951313923'],1666069849951313923,rt nftdivide: dietcoke if you do it right it's more of a psssssssssssss
11,['1666069070448304128'],1666069070448304128,rt virtualalien: dietcoke please! get out of russia!
12,['1666067736303226883'],1666067736303226883,rt thepannda: dietcoke you mean bang bang sound of russian artillery while they drink coke cocacola
13,['1666053475245912064'],1666053475245912064,"genuinerex mcdonalds 1.  all the diet coke i can drink
2.  sausage mcmuffins are great
3.  hashbrowns (which i shouldn't eat) are amazing.
4.  it's convenient and cheap

added note:  mcdonalds diet coke from their fountain is sublime and the best dietcoke on the planet."
14,['1666035295341666304'],1666035295341666304,"rt therealltm: ""2 minute warning"" out now!

recorded by jonsullivan_ ğŸ‘¨â€ğŸ”¬ğŸ§ªğŸ™ğŸ¿

ğŸ¨: derez ğŸ”¥ğŸ”¥

youtube link: 

latrayâ€¦"
15,['1665980468733304832'],1665980468733304832,dietcoke great start to the day 
16,['1665949846619168768'],1665949846619168768,rt jonnati77: jondonahue better version â€¦ ğŸ‘ tombrady tomcruise tomhanks indianajones dietcoke indianajones dietcoke â€¦
17,['1665948868239052800'],1665948868239052800,jondonahue better version â€¦ ğŸ‘ tombrady tomcruise tomhanks indianajones dietcoke indianajones dietcoke 
18,['1665945423708852224'],1665945423708852224,"""2 minute warning"" out now!

recorded by jonsullivan_ ğŸ‘¨â€ğŸ”¬ğŸ§ªğŸ™ğŸ¿

ğŸ¨: derez ğŸ”¥ğŸ”¥

youtube link: 

latray latraymusik ltm derezume graphicdesigner sullivanaudio hiphop music rap newmusic comingsoon 2minutewarning dietcoke pushat realrap "
19,['1665943693550034944'],1665943693550034944,"""2 minute warning"" out now!

recorded by jonsullivan_ ğŸ‘¨â€ğŸ”¬ğŸ§ªğŸ™ğŸ¿

ğŸ¨: derez ğŸ”¥ğŸ”¥



latray latraymusik ltm derezume graphicdesigner sullivanaudio hiphop music rap newmusic comingsoon 2minutewarning dietcoke pushat realrap"
20,['1665933925519089664'],1665933925519089664,sponsored by dietcoke orangebeach 
21,['1665901926830194690'],1665901926830194690,amazes me mcdonalds has corrected so many other terrible decisions but won't correct this one ... forcing people to use the app or a dietcoke jumps by almost 50%. big brother serves burgers now. 
22,['1665891999940050946'],1665891999940050946,rt karliforniawzwa: one of my favorite parts of crockettcup 2023. night 2 pre show. joegallinews caught by surprise with a large skull gâ€¦
23,['1665866880861589507'],1665866880861589507,lumpdrowzyttv subway dietcoke yeah wtf
24,['1665860585370648577'],1665860585370648577,itsnochole subway still waiting on my dietcoke sponsorship
25,['1665850177704566785'],1665850177704566785,yayrov2 dietcoke â¤ï¸
26,['1665810566290571266'],1665810566290571266,rt karliforniawzwa: one of my favorite parts of crockettcup 2023. night 2 pre show. joegallinews caught by surprise with a large skull gâ€¦
27,['1665777263659433985'],1665777263659433985,"rt bigmamasbins: 10% off coupon  for more details or to order today, copy/paste or click the link below
ğŸ‘‡ğŸ‘‡
 

photâ€¦"
28,['1665763425694396421'],1665763425694396421,"10% off coupon  for more details or to order today, copy/paste or click the link below
ğŸ‘‡ğŸ‘‡
 

photooftheday fashion love instagood beautiful ad sponsored art happy dietcoke amazondeals bigmamasbins blackart unfinishedbusiness"
29,['1665762195433570311'],1665762195433570311,"rt bigmamasbins: dads &amp; grads will love this smart speaker! for more details or to order today, copy/paste or click the link below ğŸ‘‡ğŸ‘‡

httâ€¦"
30,['1665762151724613652'],1665762151724613652,"rt bigmamasbins: cheers to dad coupled with a 10% off coupon.  for more details or to order today, copy/paste or click the link below
ğŸ‘‡ğŸ‘‡
hâ€¦"
31,['1665762119671742478'],1665762119671742478,"rt bigmamasbins: 34% off the perfect gift for fathers day.  for more details or to order today, copy/paste or click the link below
ğŸ‘‡ğŸ‘‡
httpâ€¦"
32,['1665761766058360837'],1665761766058360837,"34% off the perfect gift for fathers day.  for more details or to order today, copy/paste or click the link below
ğŸ‘‡ğŸ‘‡
  

art beautiful instagood love fashion photooftheday ad sponsored happy dietcoke amazondeals bigmamasbins blackart"
33,['1665759506020675585'],1665759506020675585,"cheers to dad coupled with a 10% off coupon.  for more details or to order today, copy/paste or click the link below
ğŸ‘‡ğŸ‘‡
  

art beautiful instagood love fashion photooftheday ad sponsored happy dietcoke amazondeals bigmamasbins blackart"
34,['1665757669418848262'],1665757669418848262,"dads &amp; grads will love this smart speaker! for more details or to order today, copy/paste or click the link below ğŸ‘‡ğŸ‘‡

 

photooftheday fashion love instagood beautiful art happy ad sponsored dietcoke amazondeals bigmamasbins blackart"
35,['1665753900715069441'],1665753900715069441,rt karliforniawzwa: one of my favorite parts of crockettcup 2023. night 2 pre show. joegallinews caught by surprise with a large skull gâ€¦
36,['1665745324789358593'],1665745324789358593,diet coke is the cure to my depression dietcoke
37,['1665739118884839424'],1665739118884839424,rt karliforniawzwa: one of my favorite parts of crockettcup 2023. night 2 pre show. joegallinews caught by surprise with a large skull gâ€¦
38,['1665738090122559490'],1665738090122559490,"missed marketing oppurtunity to recreate this for the new film on disney and dietcokeâ€™s part! ğŸ˜ğŸ¤·ğŸ½â€â™‚ï¸

indianajones "
39,['1665730222971564032'],1665730222971564032,hollywood oldhollywood cherry dietcoke lanadelrey lizzygrant borntodie 2012aesthetic tumblr 2012tumblr 
40,['1665729095160799232'],1665729095160799232,rt karliforniawzwa: one of my favorite parts of crockettcup 2023. night 2 pre show. joegallinews caught by surprise with a large skull gâ€¦
41,['1665654362000203776'],1665654362000203776,sadly dietcoke cans i believe also have plastic linings. any way around this? 
42,['1665653979110309888'],1665653979110309888,"april open source silicon news update - tiny tapeout, events, xrays, shu...  via dietcoke"
43,['1665652886422933506'],1665652886422933506,rt karliforniawzwa: one of my favorite parts of crockettcup 2023. night 2 pre show. joegallinews caught by surprise with a large skull gâ€¦
44,['1665633179976503297'],1665633179976503297,rt cuucmaster: à¸­à¸µà¸à¸µà¸ªà¸¸à¸”à¸—à¹‰à¸²à¸¢ à¸–à¸¶à¸‡à¹€à¸§à¸¥à¸²à¸—à¸µà¹ˆà¸à¸£à¸°à¸›à¹‹à¸­à¸‡à¹‚à¸„à¹‰à¸à¸ˆà¸°à¸à¹ˆà¸™à¸™à¹‰à¸³à¸‚à¸¸à¹ˆà¸™à¹†à¸ªà¸µà¸‚à¸²à¸§à¸­à¸­à¸à¸¡à¸²à¹à¸¥à¹‰à¸§ à¹ƒà¸„à¸£à¸­à¸¢à¸²à¸à¹€à¸­à¸²à¸›à¸²à¸à¸£à¸­à¸‡à¹€à¸•à¸£à¸µà¸¢à¸¡à¹„à¸§à¹‰à¹ƒà¸«à¹‰à¸”à¸µ à¸œà¸¡à¸•à¸±à¸”à¸¡à¸²à¹ƒà¸«à¹‰à¸”à¸¹à¹€à¸›à¹‡à¸™à¸Šà¹‡à¸­à¸•à¹†à¹€à¸¥à¸¢à¸¢!!! (6â€¦
45,['1665627769202515968'],1665627769202515968,"one of my favorite parts of crockettcup 2023. night 2 pre show. joegallinews caught by surprise with a large skull getting smashed onto his hand at the commentary table. i replayed it 3-4 times. 

nwa nwa thrillbillytcb danmaff  realtimstorm joegalli ice dietcoke "
46,['1665616782869032962'],1665616782869032962,"cancer warning as sweetener,suraclose found in dietcoke and redbull attacks dna and destroys cells. "
47,['1665579257978839044'],1665579257978839044,the ai revolution unveiled: metaâ€™s open-source revolution and chip innov...  via sicklecellsite dietcoke
48,['1665576418196049920'],1665576418196049920,ğ—–ğ—¼ğ—°ğ—®-ğ—–ğ—¼ğ—¹ğ—® ğ—¦ğ—¶ğ—´ğ—»ğ˜€ ğ——ğ—²ğ—®ğ—¹ ğ—ªğ—¶ğ˜ğ—µ ğ—¢ğ—½ğ—²ğ—»ğ—”ğ—œâ€™ğ˜€ ğ——ğ—®ğ—¹ğ—¹-ğ—˜ ğ—®ğ—»ğ—± ğ—–ğ—µğ—®ğ˜ğ—šğ—£ğ—§  via dietcoke
49,['1665569780701569024'],1665569780701569024,live laugh dietcoke
50,['1665556265467015168'],1665556265467015168,rt cuucmaster: à¸¡à¸²à¸›à¸±à¹ˆà¸™à¸à¸£à¸°à¸›à¹‹à¸­à¸‡à¹‚à¸„à¹‰à¸à¸à¸±à¸™à¸•à¹ˆà¸­à¸„à¸£à¸±à¸Š à¸—à¸²à¸ªà¸™à¸²à¸¢à¹à¸šà¸šà¸‚à¸­à¸‡à¸œà¸¡à¸¡à¸±à¸™à¸­à¸²à¸¢ à¸‚à¸­à¹ƒà¸«à¹‰à¸›à¸´à¸”à¸«à¸™à¹‰à¸²à¸ˆà¸°à¹„à¸”à¹‰à¸„à¸£à¸²à¸‡à¸”à¸±à¸‡à¹†à¹„à¸”à¹‰ à¸œà¸¡à¹€à¸¥à¸¢à¸ˆà¸±à¸”à¸à¸²à¸£à¸à¸™à¸«à¸±à¸§à¸¡à¸±à¸™à¹„à¸›à¸—à¸µ à¹à¸¡à¹ˆà¸‡à¸£à¹‰à¸­à¸‡à¸‹à¸µà¹Šà¸”à¸‹à¹Šà¸²à¸”à¸”à¸´à¹‰à¸™à¸â€¦
51,['1665556230859808770'],1665556230859808770,rt cuucmaster: à¸—à¹ˆà¸²à¸•à¹ˆà¸­à¹„à¸›à¸ªà¸³à¸«à¸£à¸±à¸šà¸—à¸²à¸ªà¸™à¸²à¸¢à¹à¸šà¸šà¸„à¸§à¸¢à¹€à¸—à¹ˆà¸²à¹‚à¸„à¹‰à¸à¸‚à¸­à¸‡à¸œà¸¡ à¸„à¸·à¸­à¸™à¸±à¹ˆà¸‡à¹€à¸à¹‰à¸²à¸­à¸µà¹‰à¸­à¸²à¸à¸²à¸¨à¹à¸¥à¹‰à¸§à¹‚à¸”à¸™à¸ˆà¸±à¸šà¸£à¸¹à¸”à¸„à¸§à¸¢ à¸ªà¸±à¸¡à¸œà¸±à¸ªà¸‚à¸­à¸‡à¸„à¸§à¸¢à¸­à¸§à¸šà¸«à¸±à¸§à¸šà¸²à¸™à¹ƒà¸«à¸à¹ˆà¹à¸™à¹ˆà¸™à¹€à¸•à¹‡à¸¡à¸¡à¸·à¸­à¸ˆà¸™à¸•à¹‰à¸­à¸‡à¸ªà¸±à¹ˆà¸‡à¹ƒâ€¦
52,['1665556174127628289'],1665556174127628289,rt cuucmaster: à¸—à¹ˆà¸²à¸™à¸µà¹‰à¹€à¸›à¹‡à¸™à¸—à¹ˆà¸²à¹€à¸ªà¸µà¸¢à¸§à¸‚à¸­à¸‡à¸—à¸²à¸ªà¸«à¸¥à¸²à¸¢à¸„à¸™à¹€à¸¥à¸¢à¸„à¸£à¸±à¸Š à¸ˆà¸±à¸šà¸™à¸²à¸¢à¹à¸šà¸šà¸„à¸§à¸¢à¸¢à¸±à¸à¸©à¹Œà¸™à¸±à¹ˆà¸‡à¸«à¸±à¸™à¸«à¸¥à¸±à¸‡à¹à¸­à¹ˆà¸™à¹‚à¸Šà¸§à¹Œà¸£à¸¹à¸à¹‰à¸™ à¸—à¸µà¹ˆà¸¡à¸µà¹€à¸Šà¸·à¸­à¸à¸£à¸±à¸”à¸¡à¸²à¸ˆà¸²à¸à¸à¸§à¸‡à¹„à¸‚à¹ˆà¸à¸²à¸”à¸­à¸¢à¸¹à¹ˆ  à¹à¸¥à¹‰à¸§à¸ˆà¸±à¸šà¸£à¸¹à¸”â€¦
53,['1665556094284857345'],1665556094284857345,rt cuucmaster: à¸­à¸µà¸à¸µà¸ªà¸¸à¸”à¸—à¹‰à¸²à¸¢ à¸–à¸¶à¸‡à¹€à¸§à¸¥à¸²à¸—à¸µà¹ˆà¸à¸£à¸°à¸›à¹‹à¸­à¸‡à¹‚à¸„à¹‰à¸à¸ˆà¸°à¸à¹ˆà¸™à¸™à¹‰à¸³à¸‚à¸¸à¹ˆà¸™à¹†à¸ªà¸µà¸‚à¸²à¸§à¸­à¸­à¸à¸¡à¸²à¹à¸¥à¹‰à¸§ à¹ƒà¸„à¸£à¸­à¸¢à¸²à¸à¹€à¸­à¸²à¸›à¸²à¸à¸£à¸­à¸‡à¹€à¸•à¸£à¸µà¸¢à¸¡à¹„à¸§à¹‰à¹ƒà¸«à¹‰à¸”à¸µ à¸œà¸¡à¸•à¸±à¸”à¸¡à¸²à¹ƒà¸«à¹‰à¸”à¸¹à¹€à¸›à¹‡à¸™à¸Šà¹‡à¸­à¸•à¹†à¹€à¸¥à¸¢à¸¢!!! (6â€¦
54,['1665545601998544897'],1665545601998544897,rt cuucmaster: à¹€à¸¡à¸·à¹ˆà¸­à¸™à¸²à¸¢à¹à¸šà¸šà¸„à¸§à¸¢à¹€à¸—à¹ˆà¸²à¸à¸£à¸°à¸›à¹‹à¸­à¸‡à¹‚à¸„à¹‰à¸à¸–à¸¹à¸à¸¡à¸±à¸”à¹„à¸‚à¹ˆà¸ˆà¸™à¹€à¸›à¹ˆà¸‡ à¹à¸¥à¹‰à¸§à¹€à¸­à¸²à¹€à¸Šà¸·à¸­à¸à¹‚à¸¢à¸‡à¸œà¸¹à¸à¸à¸±à¸šà¸‚à¹‰à¸­à¸¡à¸·à¸­à¸ªà¸­à¸‡à¸‚à¹‰à¸²à¸‡à¹ƒà¸«à¹‰à¸”à¸´à¹‰à¸™à¹„à¸¡à¹ˆà¸«à¸¥à¸¸à¸” à¹€à¸ˆà¹‰à¸²à¸™à¸²à¸¢à¸à¹‡à¸ˆà¸±à¸”à¸à¸²à¸£à¸¥à¸‡à¹€à¸ˆà¸¥à¸à¸µà¹ˆà¸›à¸¸à¹ˆà¸™à¹â€¦
55,['1665540083271753728'],1665540083271753728,gta online getting ready for the san andreas mercenaries dlc  via aptera_motors sicklecellsite dietcoke rockstargames
56,['1665539651208085505'],1665539651208085505,gta online getting ready for the san andreas mercenaries dlc  via dietcoke sicklecellsite
57,['1665539065075073024'],1665539065075073024,you voted! i attempted! viewer voted solo cayo perico heist! gta 5 online  via dietcoke
58,['1665538324629520385'],1665538324629520385,the new special cargo meta money guide in gta online! (how to maximize y...  via aptera_motors dietcoke
59,['1665537676030648322'],1665537676030648322,gta v gta 5 a few vehicle meta data file tips tricks and modifications t...  via dietcoke
60,['1665534134331101185'],1665534134331101185,the new gta online update changes are actually amazing  via sicklecellsite aptera_motors dietcoke windowsdev
61,['1665533175643140096'],1665533175643140096,mastermind by taylorswift13 ğŸ’”ğŸ–¤ dietcoke belowdeck you look absolutely beautiful. rhoslc rhop rhoa rhobh rhoslc rhonj taylorswiftÂ Â Â  shestheone rhomelbourne bible crowncroronation crownroyal coronationÂ Â  uk kelan men menshealth biden elonmusk shakiraâ€¦  
62,['1665530457495068673'],1665530457495068673,how a random programmer fixed gta 5  via dietcoke sicklecellsite aptera_motors
63,['1665530040216432641'],1665530040216432641,"

sucralose dietcoke freesenegal tiananmensquaremassacre datemyfamily à¸šà¸²à¸‡à¸à¸­à¸à¹„à¸à¸£à¸”à¹Œ2023 acrossthespiderverse coromondalexpress facupfinal hslotamsterdam harrystyles pridemonth"
64,['1665519012854263809'],1665519012854263809,mentosus dietcoke and mentosus for towergangpod that is a match made in heaven for these fuckers.
65,['1665517696971161600'],1665517696971161600,secret benefits for adding coca cola in chicken water  via dietcoke chatgptnfts sicklecellsite
66,['1665506020603441153'],1665506020603441153,extreme weather stress test. toyota prius prime tss2.0 comma three openp...  via gtaonlinenews dietcoke sicklecellsite
67,['1665501337683984385'],1665501337683984385,"april open source silicon news update - tiny tapeout, events, xrays, shu...  via dietcoke"
68,['1665494787116482561'],1665494787116482561,extreme weather stress test. toyota prius prime tss2.0 comma three openp...  via dietcoke sicklecellsite
69,['1665494230511255553'],1665494230511255553,wanted by onerepublic dietcoke belowdeck you look absolutely beautiful. rhoslc rhop rhoa rhobh rhoslc rhonj taylorswiftÂ Â Â  shestheone rhomelbourne bible crowncroronation crownroyal coronationÂ Â  uk kelan men menshealth biden elonmusk shakira shakiraâ€¦  
70,['1665449879714365445'],1665449879714365445,stop and stare by onerepublic marthastewart her wonderful cooking i look like martha bec she feed me. insideedition  dietcoke belowdeck you look absolutely beautiful. rhoslc rhop rhoa rhobh rhoslc rhonj taylorswiftÂ Â Â  shestheone rhomelbourne bible crowncroronationâ€¦  
71,['1665442377199403009'],1665442377199403009,written by mordicollins ready to lose weight? this comprehensive guide to dieting for  dietandhealth diet dietcoke dietandcancer
72,['1665420152362475521'],1665420152362475521,"foxsports stop with this horrible pos product cocacolazero it's the worst tasting crap you created, just sell dietcoke"
73,['1665411486095646725'],1665411486095646725,ok dietcoke why are my cokes leaking out in the fridge? lost 6 6pk this week.
74,['1665378928276406272'],1665378928276406272,dietcoke why are all the 12 pack flat or to sweet for the last year?
75,['1665369776435216384'],1665369776435216384,"hey cocacola dietcoke - you'll want to do a quick check of your bottler that serves mesa, az. every pack (12 or 35) i've bought in the last year has had one of these -- looks like a pinhole leak that results in a loss of carbonation, resulting in a squooshed can and flat soda. "
76,['1665357477649547265'],1665357477649547265,"just for the cool of it! 
â˜€ï¸ ğŸŒŠ ğŸ¥¤ ğŸ˜ 
dietcoke 
ellemacpherson "
77,['1665334537843359746'],1665334537843359746,"yesterdayâ€™s price, is not, todayâ€™s price dietcoke"
78,['1665304756531634176'],1665304756531634176,rt cuucmaster: à¹€à¸¡à¸·à¹ˆà¸­à¸™à¸²à¸¢à¹à¸šà¸šà¸„à¸§à¸¢à¹€à¸—à¹ˆà¸²à¸à¸£à¸°à¸›à¹‹à¸­à¸‡à¹‚à¸„à¹‰à¸à¸–à¸¹à¸à¸¡à¸±à¸”à¹„à¸‚à¹ˆà¸ˆà¸™à¹€à¸›à¹ˆà¸‡ à¹à¸¥à¹‰à¸§à¹€à¸­à¸²à¹€à¸Šà¸·à¸­à¸à¹‚à¸¢à¸‡à¸œà¸¹à¸à¸à¸±à¸šà¸‚à¹‰à¸­à¸¡à¸·à¸­à¸ªà¸­à¸‡à¸‚à¹‰à¸²à¸‡à¹ƒà¸«à¹‰à¸”à¸´à¹‰à¸™à¹„à¸¡à¹ˆà¸«à¸¥à¸¸à¸” à¹€à¸ˆà¹‰à¸²à¸™à¸²à¸¢à¸à¹‡à¸ˆà¸±à¸”à¸à¸²à¸£à¸¥à¸‡à¹€à¸ˆà¸¥à¸à¸µà¹ˆà¸›à¸¸à¹ˆà¸™à¹â€¦
79,['1665304728170012672'],1665304728170012672,rt cuucmaster: à¸—à¹ˆà¸²à¸•à¹ˆà¸­à¹„à¸›à¸ªà¸³à¸«à¸£à¸±à¸šà¸—à¸²à¸ªà¸™à¸²à¸¢à¹à¸šà¸šà¸„à¸§à¸¢à¹€à¸—à¹ˆà¸²à¹‚à¸„à¹‰à¸à¸‚à¸­à¸‡à¸œà¸¡ à¸„à¸·à¸­à¸™à¸±à¹ˆà¸‡à¹€à¸à¹‰à¸²à¸­à¸µà¹‰à¸­à¸²à¸à¸²à¸¨à¹à¸¥à¹‰à¸§à¹‚à¸”à¸™à¸ˆà¸±à¸šà¸£à¸¹à¸”à¸„à¸§à¸¢ à¸ªà¸±à¸¡à¸œà¸±à¸ªà¸‚à¸­à¸‡à¸„à¸§à¸¢à¸­à¸§à¸šà¸«à¸±à¸§à¸šà¸²à¸™à¹ƒà¸«à¸à¹ˆà¹à¸™à¹ˆà¸™à¹€à¸•à¹‡à¸¡à¸¡à¸·à¸­à¸ˆà¸™à¸•à¹‰à¸­à¸‡à¸ªà¸±à¹ˆà¸‡à¹ƒâ€¦
80,['1665304715851182083'],1665304715851182083,rt cuucmaster: à¸¡à¸²à¸›à¸±à¹ˆà¸™à¸à¸£à¸°à¸›à¹‹à¸­à¸‡à¹‚à¸„à¹‰à¸à¸à¸±à¸™à¸•à¹ˆà¸­à¸„à¸£à¸±à¸Š à¸—à¸²à¸ªà¸™à¸²à¸¢à¹à¸šà¸šà¸‚à¸­à¸‡à¸œà¸¡à¸¡à¸±à¸™à¸­à¸²à¸¢ à¸‚à¸­à¹ƒà¸«à¹‰à¸›à¸´à¸”à¸«à¸™à¹‰à¸²à¸ˆà¸°à¹„à¸”à¹‰à¸„à¸£à¸²à¸‡à¸”à¸±à¸‡à¹†à¹„à¸”à¹‰ à¸œà¸¡à¹€à¸¥à¸¢à¸ˆà¸±à¸”à¸à¸²à¸£à¸à¸™à¸«à¸±à¸§à¸¡à¸±à¸™à¹„à¸›à¸—à¸µ à¹à¸¡à¹ˆà¸‡à¸£à¹‰à¸­à¸‡à¸‹à¸µà¹Šà¸”à¸‹à¹Šà¸²à¸”à¸”à¸´à¹‰à¸™à¸â€¦
81,['1665304685442666497'],1665304685442666497,rt cuucmaster: à¸¥à¸­à¸‡à¸ˆà¸±à¸”à¸—à¸²à¸ªà¸™à¸²à¸¢à¹à¸šà¸šà¹ƒà¸«à¹‰à¸™à¸±à¹ˆà¸‡à¹à¸¢à¸à¸‚à¸²à¹€à¸›à¹‡à¸™à¸£à¸¹à¸›à¸•à¸±à¸§à¹€à¸­à¹‡à¸¡ à¸à¹ˆà¸­à¸™à¹ƒà¸Šà¹‰à¸¡à¸·à¸­à¸¥à¸‡à¹€à¸ˆà¸¥à¸­à¸¢à¹ˆà¸²à¸‡à¸”à¸µà¸£à¸¹à¸”à¸à¸£à¸°à¸›à¹‹à¸­à¸‡à¹‚à¸„à¹‰à¸à¸ˆà¸™à¹€à¸ªà¹‰à¸™à¹€à¸¥à¸·à¸­à¸”à¸›à¸¹à¸” à¸”à¸¹à¹€à¸«à¸¡à¸·à¸­à¸™à¸—à¸²à¸ªà¸œà¸¡à¸ˆà¸°à¸—à¸™à¹„à¸¡à¹ˆà¹„à¸«à¸§à¹à¸¥à¹‰à¸§ à¹‚à¸”â€¦
82,['1665304671324438528'],1665304671324438528,rt cuucmaster: à¸—à¹ˆà¸²à¸™à¸µà¹‰à¹€à¸›à¹‡à¸™à¸—à¹ˆà¸²à¹€à¸ªà¸µà¸¢à¸§à¸‚à¸­à¸‡à¸—à¸²à¸ªà¸«à¸¥à¸²à¸¢à¸„à¸™à¹€à¸¥à¸¢à¸„à¸£à¸±à¸Š à¸ˆà¸±à¸šà¸™à¸²à¸¢à¹à¸šà¸šà¸„à¸§à¸¢à¸¢à¸±à¸à¸©à¹Œà¸™à¸±à¹ˆà¸‡à¸«à¸±à¸™à¸«à¸¥à¸±à¸‡à¹à¸­à¹ˆà¸™à¹‚à¸Šà¸§à¹Œà¸£à¸¹à¸à¹‰à¸™ à¸—à¸µà¹ˆà¸¡à¸µà¹€à¸Šà¸·à¸­à¸à¸£à¸±à¸”à¸¡à¸²à¸ˆà¸²à¸à¸à¸§à¸‡à¹„à¸‚à¹ˆà¸à¸²à¸”à¸­à¸¢à¸¹à¹ˆ  à¹à¸¥à¹‰à¸§à¸ˆà¸±à¸šà¸£à¸¹à¸”â€¦
83,['1665301334416048128'],1665301334416048128,rt cuucmaster: à¸­à¸µà¸à¸µà¸ªà¸¸à¸”à¸—à¹‰à¸²à¸¢ à¸–à¸¶à¸‡à¹€à¸§à¸¥à¸²à¸—à¸µà¹ˆà¸à¸£à¸°à¸›à¹‹à¸­à¸‡à¹‚à¸„à¹‰à¸à¸ˆà¸°à¸à¹ˆà¸™à¸™à¹‰à¸³à¸‚à¸¸à¹ˆà¸™à¹†à¸ªà¸µà¸‚à¸²à¸§à¸­à¸­à¸à¸¡à¸²à¹à¸¥à¹‰à¸§ à¹ƒà¸„à¸£à¸­à¸¢à¸²à¸à¹€à¸­à¸²à¸›à¸²à¸à¸£à¸­à¸‡à¹€à¸•à¸£à¸µà¸¢à¸¡à¹„à¸§à¹‰à¹ƒà¸«à¹‰à¸”à¸µ à¸œà¸¡à¸•à¸±à¸”à¸¡à¸²à¹ƒà¸«à¹‰à¸”à¸¹à¹€à¸›à¹‡à¸™à¸Šà¹‡à¸­à¸•à¹†à¹€à¸¥à¸¢à¸¢!!! (6â€¦
84,['1665277864613388294'],1665277864613388294,"lner since i last travelled you have changed to pepsi.

please bring back the dietcoke! "
85,['1665269965337788418'],1665269965337788418,"researchers are warning of higher cancer risk for those who consume the artificial sweetener sucralose, brand name splenda. it is found in many products, including dietcoke and redbull. sucralose breaks up dna, destroying cells, when it is digested.
"
86,['1665213591665127424'],1665213591665127424,ok but why do only the influencers get to have the super cute dietcoke crew necks? what about us peasants who are equally addicted to dc? ğŸ˜­ğŸ˜­ğŸ˜­ğŸ˜­
87,['1665204146243534848'],1665204146243534848,"""2 minute warning"" out now!

recorded by jon sullivan ğŸ‘¨â€ğŸ”¬ğŸ§ªğŸ™ğŸ¿

ğŸ¨: derez brown derezumeğŸ”¥ğŸ”¥



latray latraymusik ltm derezume sullivanaudio hiphop music rap newmusic comingsoon 2minutewarning dietcoke pushat

"
88,['1665187813908774913'],1665187813908774913,"walking into the war-room with the stem-bros after drinking a dietcoke &amp; eating pickle-flavored lays 

whatâ€™re we working on this weekend boys? 

the bitch-geeter 3000 this baby operates on unicorn-linux &amp; radian-gx 

does it workâ€¦? no. 

so it works then? haha yesâ€¦ğŸ˜‰"
89,['1665161663350456321'],1665161663350456321,"southpawtales dannypellegrino yes! and â€œmy culture is not a costume, tom sendzuvul!â€ dietcoke"
90,['1665144158271488002'],1665144158271488002,holcho_eth nothing better than a nice cold can of dietcoke
91,['1665130114185568258'],1665130114185568258,rt kelanportilloba: hey ğŸ‘‹ madonna does this bring you my joy ğŸ¤© love ya hope you feel better â¤ï¸â€ğŸ©¹! dietcoke belowdeck you look absolutelâ€¦
92,['1665130073354301442'],1665130073354301442,"your pr person ecoterraio  needs to address this slanderous video&gt;&gt;    
have you integrated dietcoke carlsberg  and evianwater ?
greenaltcrypto haiguardian willy_ewc "
93,['1665108477486800900'],1665108477486800900,"catherinemccat just two krakenrum and dietcoke for me 
yum yum snotquiz "
94,['1665106425738133505'],1665106425738133505,rt kelanportilloba: hey yâ€™all theview madonna love ya! dietcoke belowdeck you look absolutely beautiful. rhoslc rhop rhoa rhobh râ€¦
95,['1665106192945803269'],1665106192945803269,rt kelanportilloba: vulgar bitch! ğŸ˜ ğŸ–•madonna ğŸš½ğŸğŸ–ğŸ—½ğŸšğŸš¨ dietcoke belowdeck you look absolutely beautiful. rhoslc rhop rhoa rhobh rhoslâ€¦
96,['1665081014874525696'],1665081014874525696,sodaseekers dietcoke where should we get this drink?
97,['1665074545995259909'],1665074545995259909,i had to go to subway to find my icy dietcoke in a paper cup on this hot day in raleigh nosingleuseplastic 
98,['1665049425201201157'],1665049425201201157,rt wwwesternreeder: dietcoke taylorswift13 iheartradio taylol swift does not love me
99,['1665027798543618049'],1665027798543618049,not. cool. dietcoke asco23 
0,['1665017336363905026'],1665017336363905026,we got sources that tell us where uber is driving ariana pumprules pumprulesreunion insideedition  dietcoke belowdeck you look absolutely beautiful. rhoslc rhop rhoa rhobh rhoslc rhonj taylorswiftÂ Â Â  shestheone rhomelbourne bible crowncroronation crownroyalâ€¦  
1,['1665001198099857408'],1665001198099857408,ladyfrances1974 neointhemcr dietcoke when was this? and don't bring up any photoshop pics either.
2,['1664990806711898112'],1664990806711898112,danielcrosby elonmusk dietcoke dropping this in here. dietpepsi 
3,['1664988794016104450'],1664988794016104450,im the only voice that makes a true â¤ï¸! dietcoke belowdeck you look absolutely beautiful. rhoslc rhop rhoa rhobh rhoslc rhonj taylorswiftÂ Â Â  shestheone rhomelbourne bible crowncroronation crownroyal coronationÂ Â  uk kelan men menshealth biden elonmusk shakiraâ€¦  
4,['1664982507178151936'],1664982507178151936,"neointhemcr once dietcoke went woke

i left"
5,['1664980293571289088'],1664980293571289088,â¦dietcokeâ© â¦cocacolaâ© stay out of politics the bedroom and family matters - 
6,['1664975691773890568'],1664975691773890568,vulgar bitch! ğŸ˜ ğŸ–•madonna ğŸš½ğŸğŸ–ğŸ—½ğŸšğŸš¨ dietcoke belowdeck you look absolutely beautiful. rhoslc rhop rhoa rhobh rhoslc rhonj taylorswiftÂ Â Â  shestheone rhomelbourne bible crowncroronation crownroyal coronationÂ Â  uk kelan men menshealth biden elonmuskâ€¦  
7,['1664970898439282688'],1664970898439282688,ok iâ€™ll turn off the radio! madonna dietcoke belowdeck you look absolutely beautiful. rhoslc rhop rhoa rhobh rhoslc rhonj taylorswiftÂ Â Â  shestheone rhomelbourne bible crowncroronation crownroyal coronationÂ Â  uk kelan men menshealth biden elonmusk shakiraâ€¦  
8,['1664970556129542145'],1664970556129542145,love bears ğŸ»! â¤ï¸ğŸ’«paulinarubio dietcoke belowdeck you look absolutely beautiful. rhoslc rhop rhoa rhobh rhoslc rhonj taylorswiftÂ Â Â  shestheone rhomelbourne bible crowncroronation crownroyal coronationÂ Â  uk kelan men menshealth biden elonmusk shakiraâ€¦  
9,['1664969916582076416'],1664969916582076416,"seems if you like diet coke, red bull, splenda sweetner or anything else that uses sucralose-6-acetate then you are slowly destroying your own dna, and massively increasing your risk of cancer.

redbullracing dietcoke
"
10,['1664969820897435650'],1664969820897435650,hey ğŸ‘‹ madonna does this bring you my joy ğŸ¤© love ya hope you feel better â¤ï¸â€ğŸ©¹! dietcoke belowdeck you look absolutely beautiful. rhoslc rhop rhoa rhobh rhoslc rhonj taylorswiftÂ Â Â  shestheone rhomelbourne bible crowncroronation crownroyal coronationÂ Â  uk kelanâ€¦  
11,['1664969271804321792'],1664969271804321792,hey yâ€™all theview madonna love ya! dietcoke belowdeck you look absolutely beautiful. rhoslc rhop rhoa rhobh rhoslc rhonj taylorswiftÂ Â Â  shestheone rhomelbourne bible crowncroronation crownroyal coronationÂ Â  uk kelan men menshealth biden elonmusk shakiraâ€¦  
12,['1664940470772936704'],1664940470772936704,"drinking diet sodas from the convenience store on a hot summer day? is it a ticket to cancer down the road? ""cancer warning over â€˜cell-destroyingâ€™ sweetener used in dietcoke and redbull"" us_fda  smartnews"
13,['1664935232846299136'],1664935232846299136,drug shortages for everyone! dietcoke belowdeck you look absolutely beautiful. rhoslc rhop rhoa rhobh rhoslc rhonj taylorswiftÂ Â Â  shestheone rhomelbourne bible crowncroronation crownroyal coronationÂ Â  uk kelan men menshealth biden elonmusk shakira shakiraâ€¦  
14,['1664934088392818689'],1664934088392818689,also it feels like we are in africa we are  on two months and my friend with cancer canâ€™t get his medication. what are you doing for the people potus ! help is needed today! millions will die. abcnewslive dietcoke belowdeck you look absolutely beautiful. rhoslc rhop rhoaâ€¦ 
15,['1664931281296080897'],1664931281296080897,ai is everywhere it even bothers the stupid news or stupid people using ai as if we were so stupid. abcnewslive dietcoke belowdeck you look absolutely beautiful. rhoslc rhop rhoa rhobh rhoslc rhonj taylorswiftÂ Â Â  shestheone rhomelbourne bible crowncroronationâ€¦ 
16,['1664931000944582656'],1664931000944582656,how many of us join sprout! i used to enjoy it until my accounts were hacked ! dietcoke belowdeck you look absolutely beautiful. rhoslc rhop rhoa rhobh rhoslc rhonj taylorswiftÂ Â Â  shestheone rhomelbourne bible crowncroronation crownroyal coronationÂ Â  uk kelanâ€¦  
17,['1664902990862450689'],1664902990862450689,â€œyou ordered dietcoke thatâ€™s a joke right ???â€ ğŸª¬ pusha_t wins this thread ğŸ†ğŸ¤¦ğŸ» 
18,['1664902063266955264'],1664902063266955264,"

dietcoke redbull"
19,['1664834370736103425'],1664834370736103425,dietcoke is so fucking good omg
20,['1664822023111974916'],1664822023111974916,"well ..... i'm sorry fellow patriots, itt seem we  have spun into anarchy.
no budlight , jackdaniels_us  dietcoke  dietpepsi cheezit _absoluteusa . we are also boycotting target this might ruin summer, but sacrifices need to be made! stay strong ! "
21,['1664810453657067522'],1664810453657067522,awwwww vault priceless abcnewslive theview martha stuart had help from marthastewart her wonderful cooking i look like martha bec she feed me. insideedition  dietcoke belowdeck you look absolutely beautiful. rhoslc rhop rhoa rhobh rhoslc rhonj taylorswiftâ€¦  
22,['1664805335918338048'],1664805335918338048,second first verse take martha stuart had help from marthastewart her wonderful cooking i look like martha bec she feed me. insideedition  dietcoke belowdeck you look absolutely beautiful. rhoslc rhop rhoa rhobh rhoslc rhonj taylorswiftÂ Â Â  shestheone rhomelbourneâ€¦  
23,['1664805265915387907'],1664805265915387907,little preview usweekly martha stuart had help from marthastewart her wonderful cooking i look like martha bec she feed me. insideedition  dietcoke belowdeck you look absolutely beautiful. rhoslc rhop rhoa rhobh rhoslc rhonj taylorswiftÂ Â Â  shestheone rhomelbourneâ€¦  
24,['1664794351531180033'],1664794351531180033,selena has just recorded her new single with kelan! itâ€™s hot ğŸ¥µ martha stuart had help from marthastewart her wonderful cooking i look like martha bec she feed me. insideedition  dietcoke belowdeck you look absolutely beautiful. rhoslc rhop rhoa rhobh rhoslc rhonjâ€¦ 
25,['1664779566781460480'],1664779566781460480,when i will become the president again i'll pardon minor infractions of people bringing mcdonalds burger with dietcoke for me! 
26,['1664768172363317249'],1664768172363317249,"rt bestrongukraine: dietcoke i've been drinking only cocacola products for 68 years, but now i'll be switching to pepsi unless you stop dâ€¦"
27,['1664767871761760257'],1664767871761760257,rt timls: dietcoke why hasnâ€™t coke stopped doing business in russia?
28,['1664766752985677824'],1664766752985677824,"apeuro reading has commenced which means nametags, dietcoke at break and the grand ballroom for all meals!! thank you kansas city!! kansascity collegeboard ap_trevor dragonpride pchsdragons "
29,['1664763707740569600'],1664763707740569600,dietcoke belowdeck you look absolutely beautiful. rhoslc rhop rhoa rhobh rhoslc rhonj taylorswiftÂ Â Â  shestheone rhomelbourne bible crowncroronation crownroyal coronationÂ Â  uk kelan men menshealth biden elonmusk shakira shakira theview earth rhonjâ€¦ 
30,['1664762777704046594'],1664762777704046594,rt kelanportilloba: dance the night away barbie dualipa covered by kelanportilloba kellyripa insideedition  dietcoke belowdeck youâ€¦
31,['1664756169880002565'],1664756169880002565,"heâ€™s my lover ğŸ’œğŸ’•ğŸ’•ğŸ‘‘ğŸ’™ 
tsmidnights tstheerastour chicagotstheerastour aandw dietcoke "
32,['1664746377052577793'],1664746377052577793,"1954

senator joseph mccarthy charges that there are communists working in the cia and atomic weapons plants. mockingbird by eminem insideedition  dietcoke p you look absolutely beautiful. rhoslc rhop rhoa rhobh rhoslc rhonj taylorswiftÂ Â Â Â  shestheone radiodisneyâ€¦ "
33,['1664736821085888513'],1664736821085888513,m4573rch ostrich_otf cocacola_id cocacola_br cokestudio dietcoke they did in 2017 man ğŸ«¶ 
34,['1664736323620552705'],1664736323620552705,"m4573rch cocacola_id cocacola_br cokestudio dietcoke yeah bro, can you make it happen, that would be great for marketing bro"
35,['1664733261426495488'],1664733261426495488,kianatrann dietcoke wish i could rt
36,['1664732067979210752'],1664732067979210752,ostrich_otf dang what if cocacola_id or cocacola_br  or cokestudio dietcoke  did a can that said love that would be â¤ï¸â€ğŸ”¥
37,['1664729826492813313'],1664729826492813313,"strappatc mnhopper1s alata_inc southwestair extra legroom âœ…
dietcoke  âœ…
all is right with the worldâ€¦"
38,['1664722819664453633'],1664722819664453633,dom_fadda dietcoke dietpepsi _absoluteusa jackdaniels_us cheezit budlight nascar is this sarcasm?
39,['1664722750064279553'],1664722750064279553,rt cuucmaster: à¸¡à¸²à¸›à¸±à¹ˆà¸™à¸à¸£à¸°à¸›à¹‹à¸­à¸‡à¹‚à¸„à¹‰à¸à¸à¸±à¸™à¸•à¹ˆà¸­à¸„à¸£à¸±à¸Š à¸—à¸²à¸ªà¸™à¸²à¸¢à¹à¸šà¸šà¸‚à¸­à¸‡à¸œà¸¡à¸¡à¸±à¸™à¸­à¸²à¸¢ à¸‚à¸­à¹ƒà¸«à¹‰à¸›à¸´à¸”à¸«à¸™à¹‰à¸²à¸ˆà¸°à¹„à¸”à¹‰à¸„à¸£à¸²à¸‡à¸”à¸±à¸‡à¹†à¹„à¸”à¹‰ à¸œà¸¡à¹€à¸¥à¸¢à¸ˆà¸±à¸”à¸à¸²à¸£à¸à¸™à¸«à¸±à¸§à¸¡à¸±à¸™à¹„à¸›à¸—à¸µ à¹à¸¡à¹ˆà¸‡à¸£à¹‰à¸­à¸‡à¸‹à¸µà¹Šà¸”à¸‹à¹Šà¸²à¸”à¸”à¸´à¹‰à¸™à¸â€¦
40,['1664711048836808708'],1664711048836808708,the most me me dietcoke 
41,['1664705223548444672'],1664705223548444672,rt laughquarantine: â€œsteviafreeâ€ is the future of product labeling.   ğŸ’¡ digital asset. steviafree marketing beveâ€¦
42,['1664702962713743370'],1664702962713743370,"ğŸš¨it's a dark day prayer warriorsğŸš¨
we can't enjoy dietcoke  dietpepsi  _absoluteusa  jackdaniels_us  cheezit  budlight , and new to the list nascar.  the boycott must go on though! your sacrifice is for the greater good. stay strong patriots! "
43,['1664696141529731085'],1664696141529731085,"ğŸš¨sassafras dag gum it patriotsğŸš¨
first budlight  then jackdaniels_us  now cheezit.
we can't even shop target  anymore. where does the indoctrination end ?  we lost dietcoke , dietpepsi , the vodka is safe though! "
44,['1664696106326937611'],1664696106326937611,"eclairmont dietcoke thatâ€™s okay, means more for me!"
45,['1664693922826801162'],1664693922826801162,iâ€™m on a 24 hour fast so this is my lunch. dietcoke 
46,['1664690902118420496'],1664690902118420496,"you should always chose dietcoke over dietpepsi   
one company believes love is love- 
the other only loves profit. one sends a positive message, the other uses the rainbow to profit. i know you budlight protesters aren't drinking either though! "
47,['1664688234843058181'],1664688234843058181,"warning as sweetener used in diet coke and red bull 'destroys gut cells and could increase cancer risk'

sucralose sweetener cancer dna destroys splenda dietcoke redbull gutcells warning ncstate research "
48,['1664680981612363777'],1664680981612363777,rt cuucmaster: à¸—à¹ˆà¸²à¸™à¸µà¹‰à¹€à¸›à¹‡à¸™à¸—à¹ˆà¸²à¹€à¸ªà¸µà¸¢à¸§à¸‚à¸­à¸‡à¸—à¸²à¸ªà¸«à¸¥à¸²à¸¢à¸„à¸™à¹€à¸¥à¸¢à¸„à¸£à¸±à¸Š à¸ˆà¸±à¸šà¸™à¸²à¸¢à¹à¸šà¸šà¸„à¸§à¸¢à¸¢à¸±à¸à¸©à¹Œà¸™à¸±à¹ˆà¸‡à¸«à¸±à¸™à¸«à¸¥à¸±à¸‡à¹à¸­à¹ˆà¸™à¹‚à¸Šà¸§à¹Œà¸£à¸¹à¸à¹‰à¸™ à¸—à¸µà¹ˆà¸¡à¸µà¹€à¸Šà¸·à¸­à¸à¸£à¸±à¸”à¸¡à¸²à¸ˆà¸²à¸à¸à¸§à¸‡à¹„à¸‚à¹ˆà¸à¸²à¸”à¸­à¸¢à¸¹à¹ˆ  à¹à¸¥à¹‰à¸§à¸ˆà¸±à¸šà¸£à¸¹à¸”â€¦
49,['1664680387618930690'],1664680387618930690,rt cuucmaster: à¸¥à¸­à¸‡à¸ˆà¸±à¸”à¸—à¸²à¸ªà¸™à¸²à¸¢à¹à¸šà¸šà¹ƒà¸«à¹‰à¸™à¸±à¹ˆà¸‡à¹à¸¢à¸à¸‚à¸²à¹€à¸›à¹‡à¸™à¸£à¸¹à¸›à¸•à¸±à¸§à¹€à¸­à¹‡à¸¡ à¸à¹ˆà¸­à¸™à¹ƒà¸Šà¹‰à¸¡à¸·à¸­à¸¥à¸‡à¹€à¸ˆà¸¥à¸­à¸¢à¹ˆà¸²à¸‡à¸”à¸µà¸£à¸¹à¸”à¸à¸£à¸°à¸›à¹‹à¸­à¸‡à¹‚à¸„à¹‰à¸à¸ˆà¸™à¹€à¸ªà¹‰à¸™à¹€à¸¥à¸·à¸­à¸”à¸›à¸¹à¸” à¸”à¸¹à¹€à¸«à¸¡à¸·à¸­à¸™à¸—à¸²à¸ªà¸œà¸¡à¸ˆà¸°à¸—à¸™à¹„à¸¡à¹ˆà¹„à¸«à¸§à¹à¸¥à¹‰à¸§ à¹‚à¸”â€¦
50,['1664680105489371136'],1664680105489371136,rt cuucmaster: à¸¡à¸²à¸›à¸±à¹ˆà¸™à¸à¸£à¸°à¸›à¹‹à¸­à¸‡à¹‚à¸„à¹‰à¸à¸à¸±à¸™à¸•à¹ˆà¸­à¸„à¸£à¸±à¸Š à¸—à¸²à¸ªà¸™à¸²à¸¢à¹à¸šà¸šà¸‚à¸­à¸‡à¸œà¸¡à¸¡à¸±à¸™à¸­à¸²à¸¢ à¸‚à¸­à¹ƒà¸«à¹‰à¸›à¸´à¸”à¸«à¸™à¹‰à¸²à¸ˆà¸°à¹„à¸”à¹‰à¸„à¸£à¸²à¸‡à¸”à¸±à¸‡à¹†à¹„à¸”à¹‰ à¸œà¸¡à¹€à¸¥à¸¢à¸ˆà¸±à¸”à¸à¸²à¸£à¸à¸™à¸«à¸±à¸§à¸¡à¸±à¸™à¹„à¸›à¸—à¸µ à¹à¸¡à¹ˆà¸‡à¸£à¹‰à¸­à¸‡à¸‹à¸µà¹Šà¸”à¸‹à¹Šà¸²à¸”à¸”à¸´à¹‰à¸™à¸â€¦
51,['1664677221707939859'],1664677221707939859,dietcoke  bye!! boycottcoke 
52,['1664663361286438912'],1664663361286438912,"omarmke1 3rdstmarkethall joshkrsnak this is going to be a visitmke year-round game-changer as it will provide more opportunities for breakingbread, celebrating, catching up, etc. activations.  whether it's  wi craft beer, winacraftbeer, cider, dietcoke &amp; dietmtdew lol, etc.; can't wait to support!  cheers"
53,['1664663255275503616'],1664663255275503616,"attykris this is going to be a visitmke year-round game-changer as it will provide more opportunities for breakingbread, celebrating, catching up, etc. activations.  whether it's  wi craft beer, winacraftbeer, cider, dietcoke &amp; dietmtdew lol, etc.; can't wait to support!  cheers"
54,['1664647167762481153'],1664647167762481153,holy crap!  now add harleydavidson to the list?  are they sure about this? budlight target chickfila adidas grandhotelmi nike kohls thenorthface mlb dodgers millerlite olay ulta isqiisi espnw gillette dietcoke nestle calvinklein mattwalsh make it go viral! 
55,['1664639316889329665'],1664639316889329665,melrmoy taylorswift13 taylornation13 potus chicagosmayor jbpritzker un dietcoke rupaul thetweetofgod thetweetofgod please
56,['1664632196429168642'],1664632196429168642,"50% off 1 new release  for more details or to order today, copy/paste or click the link below
ğŸ‘‡ğŸ‘‡
  

art beautiful instagood love fashion photooftheday ad sponsored happy dietcoke amazondeals bigmamasbins blackart unfinishedbusiness"
57,['1664631423087550465'],1664631423087550465,"another day, another go woke go broke: grandhotelmi chickfila walmart target down 27% budlight $15.7b loss, michaelsstores thenorthface adidas nike isqiisi ulta olay milleite kohls calvinklein espnw disneyplus disney dietcoke mlb dodgers gillette glamourmag "
58,['1664629734368575488'],1664629734368575488,pleaseâ€¦dear john saturday or sundayâ€¦taylorswift13 taylornation13 potus chicagosmayor jbpritzker un dietcoke rupaul
59,['1664629691150487559'],1664629691150487559,"rt bigmamasbins: health first .... for more details or to order today, copy/paste or click the link below ğŸ‘‡ğŸ‘‡

 

aâ€¦"
60,['1664629654844502023'],1664629654844502023,"rt bigmamasbins: sale ends 6.5.2023  11:59 pm. for more details or place an order, copy/paste or click the link below
ğŸ‘‡ğŸ‘‡
â€¦"
61,['1664629626193289221'],1664629626193289221,"sale ends 6.5.2023  11:59 pm. for more details or place an order, copy/paste or click the link below
ğŸ‘‡ğŸ‘‡
  

art beautiful instagood love fashion photooftheday ad sponsored happy dietcoke amazondeals bigmamasbins blackart unfinishedbusiness "
62,['1664626526044950528'],1664626526044950528,"health first .... for more details or to order today, copy/paste or click the link below ğŸ‘‡ğŸ‘‡

 

art beautiful instagood love fashion photooftheday ad sponsored dietcoke amazondeals bigmamasbins blackart unfinishedbusiness happy"
63,['1664624336836374529'],1664624336836374529,"gifts 4 dads &amp; grads.for more details or to order today, copy/paste or click the link below             ğŸ‘‡ğŸ‘‡
  
photooftheday fashion love instagood beautiful happy dietcoke amazondeals bigmamasbins blackart unfinishedbusiness ad sponsored"
64,['1664600413285367808'],1664600413285367808,"another day but no emergencysports adventures today!   this one is about mental health and personal well being!   take care of yourself friends!  

southwestair for the magic seat!   
dietcoke for the unofficial travel beverage!
emergencysports for the opportunities! "
65,['1664520662109782016'],1664520662109782016,roadtripc dietcoke it's diet coke supremacy ğŸ¥¹âœ¨
66,['1664519437943443456'],1664519437943443456,"outkicktnml after a sad missed league night last week, i was back with a strong late afternoon mow before working a school fundraiser! thanks to hondape_usa and dietcoke for solid refreshment! "
67,['1664504323714469888'],1664504323714469888,sign the petition  and encourage mcdonaldsstraya to bring back dc! dietcoke peoplepower bethechange
68,['1664483608856350723'],1664483608856350723,dualipa insideedition  dietcoke belowdeck you look absolutely beautiful. rhoslc rhop rhoa rhobh rhoslc rhonj taylorswiftÂ Â Â  shestheone rhomelbourne bible crowncroronation crownroyal coronationÂ Â  uk kelan men menshealth biden elonmusk shakira shakiraâ€¦  
69,['1664483522520797187'],1664483522520797187,dance the night away barbie dualipa covered by kelanportilloba kellyripa insideedition  dietcoke belowdeck you look absolutely beautiful. rhoslc rhop rhoa rhobh rhoslc rhonj taylorswiftÂ Â Â  shestheone rhomelbourne bible crowncroronation crownroyal coronationâ€¦  
70,['1664483267133997056'],1664483267133997056,"thedogevampire dietcoke dietcoke the people are waiting 
ğŸ˜†ğŸ¤£ "
71,['1664480777470636032'],1664480777470636032,lovealwaysgoo dietcoke can you guys explain ğŸ˜‚ğŸ¤£ 
72,['1664462324504338433'],1664462324504338433,boycott dietcoke   fire his ass. 
73,['1664444960458809349'],1664444960458809349,jelly roll &amp; bunnie xo talk relationship in â€˜save meâ€™ documentary â€“ hollywood life yes i discovered jelly roll â¦cnnbrkâ© insideedition  dietcoke belowdeck you look absolutely beautiful. rhoslc rhop rhoa rhobh rhoslc rhonj taylorswiftÂ Â Â   
74,['1664442859922116609'],1664442859922116609,a blast from the past by kelanportilloba kellyripa insideedition  dietcoke belowdeck you look absolutely beautiful. rhoslc rhop rhoa rhobh rhoslc rhonj taylorswiftÂ Â Â  shestheone rhomelbourne bible crowncroronation crownroyal coronationÂ Â  uk kelan menâ€¦  
75,['1664441450501685249'],1664441450501685249,beautiful laugh by kelanportilloba insideedition  dietcoke belowdeck you look absolutely beautiful. rhoslc rhop rhoa rhobh rhoslc rhonj taylorswiftÂ Â Â  shestheone rhomelbourne bible crowncroronation crownroyal coronationÂ Â  uk kelan men menshealth bidenâ€¦  
76,['1664440144751935488'],1664440144751935488,"acrÃ³stico
 by shakira insideedition  dietcoke belowdeck you look absolutely beautiful. rhoslc rhop rhoa rhobh rhoslc rhonj taylorswiftÂ Â Â  shestheone rhomelbourne bible crowncroronation crownroyal coronationÂ Â  uk kelan men menshealth biden elonmusk shakiraâ€¦  "
77,['1664429229138751489'],1664429229138751489,"goodbye may, hello june!

goodbye may hello june goodbyemay hellojune hellosummer warmerweather longerdays sunny sunglasses sunshine holidays vacations beachvibes tanned relax warmnights icedtea dietcoke strawhats bikini shorts happy "
78,['1664429053112205312'],1664429053112205312,"goodbye may, hello june!

goodbye may hello june goodbyemay hellojune hellosummer warmerweather longerdays sunny sunglasses sunshine holidays vacations beachvibes tanned relax warmnights icedtea dietcoke strawhats bikini shorts happy "
79,['1664421629030707201'],1664421629030707201,ariana &amp; lala drinking dietcoke during the pumprulesreunion lunch break. ğŸ¥°ğŸ¥°ğŸ¥°
80,['1664399982773018624'],1664399982773018624,rt cuucmaster: à¸­à¸µà¸à¸µà¸ªà¸¸à¸”à¸—à¹‰à¸²à¸¢ à¸–à¸¶à¸‡à¹€à¸§à¸¥à¸²à¸—à¸µà¹ˆà¸à¸£à¸°à¸›à¹‹à¸­à¸‡à¹‚à¸„à¹‰à¸à¸ˆà¸°à¸à¹ˆà¸™à¸™à¹‰à¸³à¸‚à¸¸à¹ˆà¸™à¹†à¸ªà¸µà¸‚à¸²à¸§à¸­à¸­à¸à¸¡à¸²à¹à¸¥à¹‰à¸§ à¹ƒà¸„à¸£à¸­à¸¢à¸²à¸à¹€à¸­à¸²à¸›à¸²à¸à¸£à¸­à¸‡à¹€à¸•à¸£à¸µà¸¢à¸¡à¹„à¸§à¹‰à¹ƒà¸«à¹‰à¸”à¸µ à¸œà¸¡à¸•à¸±à¸”à¸¡à¸²à¹ƒà¸«à¹‰à¸”à¸¹à¹€à¸›à¹‡à¸™à¸Šà¹‡à¸­à¸•à¹†à¹€à¸¥à¸¢à¸¢!!! (6â€¦
81,['1664399738941345792'],1664399738941345792,rt cuucmaster: à¸—à¹ˆà¸²à¸™à¸µà¹‰à¹€à¸›à¹‡à¸™à¸—à¹ˆà¸²à¹€à¸ªà¸µà¸¢à¸§à¸‚à¸­à¸‡à¸—à¸²à¸ªà¸«à¸¥à¸²à¸¢à¸„à¸™à¹€à¸¥à¸¢à¸„à¸£à¸±à¸Š à¸ˆà¸±à¸šà¸™à¸²à¸¢à¹à¸šà¸šà¸„à¸§à¸¢à¸¢à¸±à¸à¸©à¹Œà¸™à¸±à¹ˆà¸‡à¸«à¸±à¸™à¸«à¸¥à¸±à¸‡à¹à¸­à¹ˆà¸™à¹‚à¸Šà¸§à¹Œà¸£à¸¹à¸à¹‰à¸™ à¸—à¸µà¹ˆà¸¡à¸µà¹€à¸Šà¸·à¸­à¸à¸£à¸±à¸”à¸¡à¸²à¸ˆà¸²à¸à¸à¸§à¸‡à¹„à¸‚à¹ˆà¸à¸²à¸”à¸­à¸¢à¸¹à¹ˆ  à¹à¸¥à¹‰à¸§à¸ˆà¸±à¸šà¸£à¸¹à¸”â€¦
82,['1664398916673224706'],1664398916673224706,rt cuucmaster: à¸¥à¸­à¸‡à¸ˆà¸±à¸”à¸—à¸²à¸ªà¸™à¸²à¸¢à¹à¸šà¸šà¹ƒà¸«à¹‰à¸™à¸±à¹ˆà¸‡à¹à¸¢à¸à¸‚à¸²à¹€à¸›à¹‡à¸™à¸£à¸¹à¸›à¸•à¸±à¸§à¹€à¸­à¹‡à¸¡ à¸à¹ˆà¸­à¸™à¹ƒà¸Šà¹‰à¸¡à¸·à¸­à¸¥à¸‡à¹€à¸ˆà¸¥à¸­à¸¢à¹ˆà¸²à¸‡à¸”à¸µà¸£à¸¹à¸”à¸à¸£à¸°à¸›à¹‹à¸­à¸‡à¹‚à¸„à¹‰à¸à¸ˆà¸™à¹€à¸ªà¹‰à¸™à¹€à¸¥à¸·à¸­à¸”à¸›à¸¹à¸” à¸”à¸¹à¹€à¸«à¸¡à¸·à¸­à¸™à¸—à¸²à¸ªà¸œà¸¡à¸ˆà¸°à¸—à¸™à¹„à¸¡à¹ˆà¹„à¸«à¸§à¹à¸¥à¹‰à¸§ à¹‚à¸”â€¦
83,['1664398619204808705'],1664398619204808705,rt cuucmaster: à¸¡à¸²à¸›à¸±à¹ˆà¸™à¸à¸£à¸°à¸›à¹‹à¸­à¸‡à¹‚à¸„à¹‰à¸à¸à¸±à¸™à¸•à¹ˆà¸­à¸„à¸£à¸±à¸Š à¸—à¸²à¸ªà¸™à¸²à¸¢à¹à¸šà¸šà¸‚à¸­à¸‡à¸œà¸¡à¸¡à¸±à¸™à¸­à¸²à¸¢ à¸‚à¸­à¹ƒà¸«à¹‰à¸›à¸´à¸”à¸«à¸™à¹‰à¸²à¸ˆà¸°à¹„à¸”à¹‰à¸„à¸£à¸²à¸‡à¸”à¸±à¸‡à¹†à¹„à¸”à¹‰ à¸œà¸¡à¹€à¸¥à¸¢à¸ˆà¸±à¸”à¸à¸²à¸£à¸à¸™à¸«à¸±à¸§à¸¡à¸±à¸™à¹„à¸›à¸—à¸µ à¹à¸¡à¹ˆà¸‡à¸£à¹‰à¸­à¸‡à¸‹à¸µà¹Šà¸”à¸‹à¹Šà¸²à¸”à¸”à¸´à¹‰à¸™à¸â€¦
84,['1664398113531105280'],1664398113531105280,rt cuucmaster: à¸—à¹ˆà¸²à¸•à¹ˆà¸­à¹„à¸›à¸ªà¸³à¸«à¸£à¸±à¸šà¸—à¸²à¸ªà¸™à¸²à¸¢à¹à¸šà¸šà¸„à¸§à¸¢à¹€à¸—à¹ˆà¸²à¹‚à¸„à¹‰à¸à¸‚à¸­à¸‡à¸œà¸¡ à¸„à¸·à¸­à¸™à¸±à¹ˆà¸‡à¹€à¸à¹‰à¸²à¸­à¸µà¹‰à¸­à¸²à¸à¸²à¸¨à¹à¸¥à¹‰à¸§à¹‚à¸”à¸™à¸ˆà¸±à¸šà¸£à¸¹à¸”à¸„à¸§à¸¢ à¸ªà¸±à¸¡à¸œà¸±à¸ªà¸‚à¸­à¸‡à¸„à¸§à¸¢à¸­à¸§à¸šà¸«à¸±à¸§à¸šà¸²à¸™à¹ƒà¸«à¸à¹ˆà¹à¸™à¹ˆà¸™à¹€à¸•à¹‡à¸¡à¸¡à¸·à¸­à¸ˆà¸™à¸•à¹‰à¸­à¸‡à¸ªà¸±à¹ˆà¸‡à¹ƒâ€¦
85,['1664397595316477953'],1664397595316477953,rt cuucmaster: à¹€à¸¡à¸·à¹ˆà¸­à¸™à¸²à¸¢à¹à¸šà¸šà¸„à¸§à¸¢à¹€à¸—à¹ˆà¸²à¸à¸£à¸°à¸›à¹‹à¸­à¸‡à¹‚à¸„à¹‰à¸à¸–à¸¹à¸à¸¡à¸±à¸”à¹„à¸‚à¹ˆà¸ˆà¸™à¹€à¸›à¹ˆà¸‡ à¹à¸¥à¹‰à¸§à¹€à¸­à¸²à¹€à¸Šà¸·à¸­à¸à¹‚à¸¢à¸‡à¸œà¸¹à¸à¸à¸±à¸šà¸‚à¹‰à¸­à¸¡à¸·à¸­à¸ªà¸­à¸‡à¸‚à¹‰à¸²à¸‡à¹ƒà¸«à¹‰à¸”à¸´à¹‰à¸™à¹„à¸¡à¹ˆà¸«à¸¥à¸¸à¸” à¹€à¸ˆà¹‰à¸²à¸™à¸²à¸¢à¸à¹‡à¸ˆà¸±à¸”à¸à¸²à¸£à¸¥à¸‡à¹€à¸ˆà¸¥à¸à¸µà¹ˆà¸›à¸¸à¹ˆà¸™à¹â€¦
86,['1664391277566210048'],1664391277566210048,faith by dollyparton thank you for ur love and support like to trust me ! â¤ï¸ğŸ’«ğŸ«¶ğŸ» insideedition  dietcoke belowdeck you look absolutely beautiful. rhoslc rhop rhoa rhobh rhoslc rhonj taylorswiftÂ Â Â  shestheone rhomelbourne bible crowncroronation crownroyalâ€¦  
87,['1664366942159790081'],1664366942159790081,justlikethat hbomax samanthajones jsp dietcoke p you look absolutely beautiful. rhoslc rhop rhoa rhobh rhoslc rhonj taylorswiftÂ Â Â  shestheone radiodisney -bible crowncroronation crownroyal coronationÂ Â  uk kelan men menshealth biden elonmusk shakira  
88,['1664357920291581953'],1664357920291581953,"rt bigmamasbins: dads &amp; grads will love - for more details or to order today, copy/paste or click the link below
ğŸ‘‡ğŸ‘‡
â€¦"
89,['1664342869350424595'],1664342869350424595,"rt bigmamasbins: best gift for the techie dad &amp; grad.  for more details or to order today, copy/paste or click the link below
ğŸ‘‡ğŸ‘‡
https://tâ€¦"
90,['1664342830410526721'],1664342830410526721,"rt bigmamasbins: enjoy all in one virtual reality and family time! for more details or to order today, copy/paste or click the link belowâ€¦"
91,['1664342801327468545'],1664342801327468545,"dads &amp; grads will love - for more details or to order today, copy/paste or click the link below
ğŸ‘‡ğŸ‘‡
  

art beautiful instagood love fashion photooftheday ad sponsored happy dietcoke amazondeals bigmamasbins blackart unfinishedbusiness"
92,['1664342764669026305'],1664342764669026305,"rt bigmamasbins: 33% discountdads &amp; grads gifting.  for more details or to order today, copy/paste or click the link below
ğŸ‘‡ğŸ‘‡
â€¦"
93,['1664341845156171777'],1664341845156171777,"33% discountdads &amp; grads gifting.  for more details or to order today, copy/paste or click the link below
ğŸ‘‡ğŸ‘‡
  

photooftheday fashion love instagood art beautiful ad sponsored happy dietcoke amazondeals bigmamasbins blackart"
94,['1664338419588419589'],1664338419588419589,"enjoy all in one virtual reality and family time! for more details or to order today, copy/paste or click the link below ğŸ‘‡ğŸ‘‡

  

photooftheday fashion love instagood beautiful sponsored ad art happy dietcoke amazondeals bigmamasbins blackart"
95,['1664335256005267456'],1664335256005267456,"best gift for the techie dad &amp; grad.  for more details or to order today, copy/paste or click the link below
ğŸ‘‡ğŸ‘‡


photooftheday fashion love instagood beautiful sponsored ad  happy dietcoke amazondeals bigmamasbins blackart unfinishedbusiness"
96,['1664331733074837507'],1664331733074837507,we are ! kim cattrall has confirm with me she is back in hbomax â€œjust like thatâ€ dietcoke p you look absolutely beautiful. rhoslc rhop rhoa rhobh rhoslc rhonj taylorswiftÂ Â Â  shestheone radiodisney -bible  
97,['1664324297572204553'],1664324297572204553,martha stuart had help from marthastewart her wonderful cooking i look like martha bec she feed me. insideedition  dietcoke p you look absolutely beautiful. rhoslc rhop rhoa rhobh rhoslc rhonj taylorswiftÂ Â Â  shestheone radiodisney -bible 
98,['1664324205633060875'],1664324205633060875,i got a fir for you ! covered by kelanportilloba martha stuart had help from marthastewart her wonderful cooking i look like martha bec she feed me. insideedition  dietcoke p you look absolutely beautiful. rhoslc rhop rhoa rhobh rhoslc rhonj taylorswift 
99,['1664323447353229332'],1664323447353229332,martha stuart had help from marthastewart her wonderful cooking i look like martha bec she feed me. insideedition  dietcoke p you look absolutely beautiful. rhoslc rhop rhoa rhobh rhoslc rhonj taylorswiftÂ Â Â  shestheone radiodisney -bible crowncroronation 
0,['1664323290339442688'],1664323290339442688,while i waite by kelanportilloba martha stuart had help from marthastewart her wonderful cooking i look like martha bec she feed me. insideedition  dietcoke p you look absolutely beautiful. rhoslc rhop rhoa rhobh rhoslc rhonj taylorswift 
1,['1664294514331090946'],1664294514331090946,trade today to doge ! mockingbird by eminem insideedition  dietcoke p you look absolutely beautiful. rhoslc rhop rhoa rhobh rhoslc rhonj taylorswiftÂ Â Â Â  shestheone radiodisney -bible crowncroronation crownroyal coronationÂ Â  uk kelan men menshealth 
2,['1664252281817268224'],1664252281817268224,rt cuucmaster: à¹€à¸¡à¸·à¹ˆà¸­à¸™à¸²à¸¢à¹à¸šà¸šà¸„à¸§à¸¢à¹€à¸—à¹ˆà¸²à¸à¸£à¸°à¸›à¹‹à¸­à¸‡à¹‚à¸„à¹‰à¸à¸–à¸¹à¸à¸¡à¸±à¸”à¹„à¸‚à¹ˆà¸ˆà¸™à¹€à¸›à¹ˆà¸‡ à¹à¸¥à¹‰à¸§à¹€à¸­à¸²à¹€à¸Šà¸·à¸­à¸à¹‚à¸¢à¸‡à¸œà¸¹à¸à¸à¸±à¸šà¸‚à¹‰à¸­à¸¡à¸·à¸­à¸ªà¸­à¸‡à¸‚à¹‰à¸²à¸‡à¹ƒà¸«à¹‰à¸”à¸´à¹‰à¸™à¹„à¸¡à¹ˆà¸«à¸¥à¸¸à¸” à¹€à¸ˆà¹‰à¸²à¸™à¸²à¸¢à¸à¹‡à¸ˆà¸±à¸”à¸à¸²à¸£à¸¥à¸‡à¹€à¸ˆà¸¥à¸à¸µà¹ˆà¸›à¸¸à¹ˆà¸™à¹â€¦
3,['1664251770741329921'],1664251770741329921,rt cuucmaster: à¸—à¹ˆà¸²à¸•à¹ˆà¸­à¹„à¸›à¸ªà¸³à¸«à¸£à¸±à¸šà¸—à¸²à¸ªà¸™à¸²à¸¢à¹à¸šà¸šà¸„à¸§à¸¢à¹€à¸—à¹ˆà¸²à¹‚à¸„à¹‰à¸à¸‚à¸­à¸‡à¸œà¸¡ à¸„à¸·à¸­à¸™à¸±à¹ˆà¸‡à¹€à¸à¹‰à¸²à¸­à¸µà¹‰à¸­à¸²à¸à¸²à¸¨à¹à¸¥à¹‰à¸§à¹‚à¸”à¸™à¸ˆà¸±à¸šà¸£à¸¹à¸”à¸„à¸§à¸¢ à¸ªà¸±à¸¡à¸œà¸±à¸ªà¸‚à¸­à¸‡à¸„à¸§à¸¢à¸­à¸§à¸šà¸«à¸±à¸§à¸šà¸²à¸™à¹ƒà¸«à¸à¹ˆà¹à¸™à¹ˆà¸™à¹€à¸•à¹‡à¸¡à¸¡à¸·à¸­à¸ˆà¸™à¸•à¹‰à¸­à¸‡à¸ªà¸±à¹ˆà¸‡à¹ƒâ€¦
4,['1664215933865566208'],1664215933865566208,rt cuucmaster: à¸—à¹ˆà¸²à¸•à¹ˆà¸­à¹„à¸›à¸ªà¸³à¸«à¸£à¸±à¸šà¸—à¸²à¸ªà¸™à¸²à¸¢à¹à¸šà¸šà¸„à¸§à¸¢à¹€à¸—à¹ˆà¸²à¹‚à¸„à¹‰à¸à¸‚à¸­à¸‡à¸œà¸¡ à¸„à¸·à¸­à¸™à¸±à¹ˆà¸‡à¹€à¸à¹‰à¸²à¸­à¸µà¹‰à¸­à¸²à¸à¸²à¸¨à¹à¸¥à¹‰à¸§à¹‚à¸”à¸™à¸ˆà¸±à¸šà¸£à¸¹à¸”à¸„à¸§à¸¢ à¸ªà¸±à¸¡à¸œà¸±à¸ªà¸‚à¸­à¸‡à¸„à¸§à¸¢à¸­à¸§à¸šà¸«à¸±à¸§à¸šà¸²à¸™à¹ƒà¸«à¸à¹ˆà¹à¸™à¹ˆà¸™à¹€à¸•à¹‡à¸¡à¸¡à¸·à¸­à¸ˆà¸™à¸•à¹‰à¸­à¸‡à¸ªà¸±à¹ˆà¸‡à¹ƒâ€¦
5,['1664215919256817664'],1664215919256817664,rt cuucmaster: à¸¡à¸²à¸›à¸±à¹ˆà¸™à¸à¸£à¸°à¸›à¹‹à¸­à¸‡à¹‚à¸„à¹‰à¸à¸à¸±à¸™à¸•à¹ˆà¸­à¸„à¸£à¸±à¸Š à¸—à¸²à¸ªà¸™à¸²à¸¢à¹à¸šà¸šà¸‚à¸­à¸‡à¸œà¸¡à¸¡à¸±à¸™à¸­à¸²à¸¢ à¸‚à¸­à¹ƒà¸«à¹‰à¸›à¸´à¸”à¸«à¸™à¹‰à¸²à¸ˆà¸°à¹„à¸”à¹‰à¸„à¸£à¸²à¸‡à¸”à¸±à¸‡à¹†à¹„à¸”à¹‰ à¸œà¸¡à¹€à¸¥à¸¢à¸ˆà¸±à¸”à¸à¸²à¸£à¸à¸™à¸«à¸±à¸§à¸¡à¸±à¸™à¹„à¸›à¸—à¸µ à¹à¸¡à¹ˆà¸‡à¸£à¹‰à¸­à¸‡à¸‹à¸µà¹Šà¸”à¸‹à¹Šà¸²à¸”à¸”à¸´à¹‰à¸™à¸â€¦
6,['1664215894627872769'],1664215894627872769,rt cuucmaster: à¸¥à¸­à¸‡à¸ˆà¸±à¸”à¸—à¸²à¸ªà¸™à¸²à¸¢à¹à¸šà¸šà¹ƒà¸«à¹‰à¸™à¸±à¹ˆà¸‡à¹à¸¢à¸à¸‚à¸²à¹€à¸›à¹‡à¸™à¸£à¸¹à¸›à¸•à¸±à¸§à¹€à¸­à¹‡à¸¡ à¸à¹ˆà¸­à¸™à¹ƒà¸Šà¹‰à¸¡à¸·à¸­à¸¥à¸‡à¹€à¸ˆà¸¥à¸­à¸¢à¹ˆà¸²à¸‡à¸”à¸µà¸£à¸¹à¸”à¸à¸£à¸°à¸›à¹‹à¸­à¸‡à¹‚à¸„à¹‰à¸à¸ˆà¸™à¹€à¸ªà¹‰à¸™à¹€à¸¥à¸·à¸­à¸”à¸›à¸¹à¸” à¸”à¸¹à¹€à¸«à¸¡à¸·à¸­à¸™à¸—à¸²à¸ªà¸œà¸¡à¸ˆà¸°à¸—à¸™à¹„à¸¡à¹ˆà¹„à¸«à¸§à¹à¸¥à¹‰à¸§ à¹‚à¸”â€¦
7,['1664209537622999040'],1664209537622999040,"â€œyou prepare a table before me in the presence of my enemies. you anoint my head with oil; my cup overflows.â€
psalms 23:5 

mockingbird by eminem insideedition  dietcoke p you look absolutely beautiful. rhoslc rhop rhoa rhobh rhoslc rhonj taylorswift "
8,['1664191956023377926'],1664191956023377926,"while waiting for an order at ikeaie in carrickmines i said iâ€™d â€˜treatâ€™ myself to a very very rare junkfood lunch kfcâ€¦dear god it was vile. fries so hot they burned but soggy as wilted spinach. dietcoke that was like a chemical solvent, and a dry tasteless burger ğŸ¤¢vile "
9,['1664185400800301057'],1664185400800301057,"boycott cocacola cocacolaco dietcoke ! boycott all companies that cram this homosexual bs down our throats! boycott pride month

coca-cola funds lgbtq youth event at smithsonian showcasing â€˜indigiqueerâ€™ fashion "
10,['1664153540980269057'],1664153540980269057,dietcoke i own the tallest building im the area. it's a direct view of a pepsi distribution center. how about sponsoring a vintage cole ad to be painted on back of my building? there's 0 coke ads in area. 
11,['1664140676789829632'],1664140676789829632,omg ğŸ˜± jessicasimpson mockingbird by eminem insideedition  dietcoke p you look absolutely beautiful. rhoslc rhop rhoa rhobh rhoslc rhonj taylorswiftÂ Â crownroyal coronationÂ Â  uk kelan men justlikethat sexcity 
12,['1664128776245002241'],1664128776245002241,"salty_winglove b_holmer dietcoke not making any claims, but i know three different people, unrelated to each other, and all pretty decent eaters that drank diet coke regularly. all three died of pancreatic cancer. other people have told me similar stories... yikes. ğŸ¤·â€â™‚ï¸"
13,['1664119389854023681'],1664119389854023681,it truly sent me over the edge to see sandoval drinking a diet coke on tonightâ€™s vpr reunion. diet cokes arenâ€™t for worms with a mustache. dietcoke can we please do something about this??
14,['1664108606424334338'],1664108606424334338,fdknight rockets mockingbird by eminem insideedition  dietcoke p you look absolutely beautiful. rhoslc rhop rhoa rhobh rhoslc rhonj taylorswiftÂ Â Â Â  shestheone radiodisney -bible crowncroronation crownroyal coronationÂ Â  uk kelan men menshealth biden binance 
15,['1664097415857676288'],1664097415857676288,you and i both covered by kelanportilloba mockingbird by eminem insideedition  dietcoke p you look absolutely beautiful. rhoslc rhop rhoa rhobh rhoslc rhonj taylorswiftÂ Â Â Â  shestheone radiodisney -bible crowncroronation crownroyal coronationÂ Â  uk kelan menâ€¦  
16,['1664094786511355912'],1664094786511355912,mockingbird by eminem insideedition  dietcoke p you look absolutely beautiful. rhoslc rhop rhoa rhobh rhoslc rhonj taylorswiftÂ Â Â Â  shestheone radiodisney -bible crowncroronation crownroyal coronationÂ Â  uk kelan men menshealth biden elonmusk shakiraâ€¦  
17,['1664094390308970497'],1664094390308970497,dancing on my own covered by kelanportilloba lisahochstein we will dance until we are taken home my friend ! mockingbird by eminem insideedition  dietcoke p you look absolutely beautiful. rhoslc rhop rhoa rhobh rhoslc rhonj taylorswiftÂ Â Â Â  shestheone radiodisneyâ€¦  
18,['1664091803774074880'],1664091803774074880,"little bitty pretty one
you know who you are â¤ï¸ğŸ’«ğŸ«¶ğŸ»ğŸ«µ mockingbird by eminem insideedition  dietcoke p you look absolutely beautiful. rhoslc rhop rhoa rhobh rhoslc rhonj taylorswiftÂ Â Â Â  shestheone radiodisney -bible crowncroronation crownroyal coronationÂ Â  ukâ€¦  "
19,['1664089585293357058'],1664089585293357058,take on me mockingbird by eminem insideedition  dietcoke p you look absolutely beautiful. rhoslc rhop rhoa rhobh rhoslc rhonj taylorswiftÂ Â Â Â  shestheone radiodisney -bible crowncroronation crownroyal coronationÂ Â  uk kelan men menshealth biden elonmuskâ€¦  
20,['1664086877928841217'],1664086877928841217,mockingbird by eminem insideedition  dietcoke p you look absolutely beautiful. rhoslc rhop rhoa rhobh rhoslc rhonj taylorswiftÂ Â Â Â  shestheone radiodisney -bible crowncroronation crownroyal coronationÂ Â  uk kelan men menshealth biden elonmusk shakiraâ€¦  
21,['1664086782407745538'],1664086782407745538,time covered by kelanportilloba for a doge mockingbird by eminem insideedition  dietcoke p you look absolutely beautiful. rhoslc rhop rhoa rhobh rhoslc rhonj taylorswiftÂ Â Â Â  shestheone radiodisney -bible crowncroronation crownroyal coronationÂ Â  uk kelan menâ€¦  
22,['1664079050455805953'],1664079050455805953,mockingbird by eminem insideedition  dietcoke p you look absolutely beautiful. rhoslc rhop rhoa rhobh rhoslc rhonj taylorswiftÂ Â Â Â  shestheone radiodisney -bible crowncroronation crownroyal coronationÂ Â  uk kelan men menshealth biden elonmusk shakiraâ€¦  
23,['1664078989516759040'],1664078989516759040,como la flor cover by kelanportilloba love you mother selena anything for elon lol mockingbird by eminem insideedition  dietcoke p you look absolutely beautiful. rhoslc rhop rhoa rhobh rhoslc rhonj taylorswiftÂ Â Â Â  shestheone radiodisney -bible crowncroronationâ€¦  
24,['1664077357894844418'],1664077357894844418,drop the dietcoke sandoval. itâ€™s too late for coors but i wonâ€™t let you take dc down with you.
